date,cost_bps,gross_return,turnover,transaction_cost,net_return,spy_return,bottom20_return,top_minus_bottom_net,top_minus_spy_net,top10_tickers
2021-01-04,0,0.04425865438161134,0.9999999999999999,0.0,0.04425865438161134,0.0345995814799862,0.03400469720809415,0.010253957173517188,0.00965907290162514,"NVDA,BKNG,NOW,URI,AMD,CMG,MTD,INTU,KMB,MET"
2021-01-04,5,0.04425865438161134,0.9999999999999999,0.0004999999999999999,0.04375865438161134,0.0345995814799862,0.03400469720809415,0.009753957173517187,0.00915907290162514,"NVDA,BKNG,NOW,URI,AMD,CMG,MTD,INTU,KMB,MET"
2021-01-04,10,0.04425865438161134,0.9999999999999999,0.0009999999999999998,0.04325865438161134,0.0345995814799862,0.03400469720809415,0.009253957173517187,0.00865907290162514,"NVDA,BKNG,NOW,URI,AMD,CMG,MTD,INTU,KMB,MET"
2021-01-04,25,0.04425865438161134,0.9999999999999999,0.0024999999999999996,0.04175865438161134,0.0345995814799862,0.03400469720809415,0.0077539571735171856,0.007159072901625138,"NVDA,BKNG,NOW,URI,AMD,CMG,MTD,INTU,KMB,MET"
2021-01-04,50,0.04425865438161134,0.9999999999999999,0.004999999999999999,0.039258654381611344,0.0345995814799862,0.03400469720809415,0.00525395717351719,0.004659072901625143,"NVDA,BKNG,NOW,URI,AMD,CMG,MTD,INTU,KMB,MET"
2021-02-01,0,0.04107143106691487,1.2176174910431756,0.0,0.04107143106691487,0.027403449288907,0.14661202637796242,-0.10554059531104755,0.013667981778007869,"NVDA,AMD,MET,UPS,MTD,PRU,DLTR,XEL,GLW,BRK-B"
2021-02-01,5,0.04107143106691487,1.2176174910431756,0.0006088087455215878,0.04046262232139328,0.027403449288907,0.14661202637796242,-0.10614940405656914,0.013059173032486278,"NVDA,AMD,MET,UPS,MTD,PRU,DLTR,XEL,GLW,BRK-B"
2021-02-01,10,0.04107143106691487,1.2176174910431756,0.0012176174910431756,0.03985381357587169,0.027403449288907,0.14661202637796242,-0.10675821280209072,0.012450364286964694,"NVDA,AMD,MET,UPS,MTD,PRU,DLTR,XEL,GLW,BRK-B"
2021-02-01,25,0.04107143106691487,1.2176174910431756,0.003044043727607939,0.038027387339306926,0.027403449288907,0.14661202637796242,-0.10858463903865549,0.010623938050399927,"NVDA,AMD,MET,UPS,MTD,PRU,DLTR,XEL,GLW,BRK-B"
2021-02-01,50,0.04107143106691487,1.2176174910431756,0.006088087455215878,0.03498334361169899,0.027403449288907,0.14661202637796242,-0.11162868276626342,0.007579894322791991,"NVDA,AMD,MET,UPS,MTD,PRU,DLTR,XEL,GLW,BRK-B"
2021-03-01,0,0.05276228402947699,1.4325884746175293,0.0,0.05276228402947699,0.0192419512644539,0.007892398635824579,0.044869885393652414,0.033520332765023086,"KMB,CMG,BKNG,AMD,KDP,NEM,ORLY,YUM,NVDA,DLTR"
2021-03-01,5,0.05276228402947699,1.4325884746175293,0.0007162942373087647,0.05204598979216823,0.0192419512644539,0.007892398635824579,0.04415359115634365,0.032804038527714324,"KMB,CMG,BKNG,AMD,KDP,NEM,ORLY,YUM,NVDA,DLTR"
2021-03-01,10,0.05276228402947699,1.4325884746175293,0.0014325884746175294,0.05132969555485946,0.0192419512644539,0.007892398635824579,0.043437296919034876,0.03208774429040556,"KMB,CMG,BKNG,AMD,KDP,NEM,ORLY,YUM,NVDA,DLTR"
2021-03-01,25,0.05276228402947699,1.4325884746175293,0.003581471186543823,0.049180812842933165,0.0192419512644539,0.007892398635824579,0.04128841420710859,0.029938861578479265,"KMB,CMG,BKNG,AMD,KDP,NEM,ORLY,YUM,NVDA,DLTR"
2021-03-01,50,0.05276228402947699,1.4325884746175293,0.007162942373087646,0.04559934165638935,0.0192419512644539,0.007892398635824579,0.037706943020564765,0.026357390391935447,"KMB,CMG,BKNG,AMD,KDP,NEM,ORLY,YUM,NVDA,DLTR"
2021-04-01,0,0.04285326269950658,1.6252402693487888,0.0,0.04285326269950658,0.0416614673038981,0.02346268782250484,0.01939057487700174,0.001191795395608479,"EQIX,DLR,PANW,CMG,AIG,PRU,BIIB,TEL,VRTX,BKNG"
2021-04-01,5,0.04285326269950658,1.6252402693487888,0.0008126201346743945,0.042040642564832184,0.0416614673038981,0.02346268782250484,0.018577954742327343,0.0003791752609340823,"EQIX,DLR,PANW,CMG,AIG,PRU,BIIB,TEL,VRTX,BKNG"
2021-04-01,10,0.04285326269950658,1.6252402693487888,0.001625240269348789,0.041228022430157794,0.0416614673038981,0.02346268782250484,0.017765334607652953,-0.0004334448737403074,"EQIX,DLR,PANW,CMG,AIG,PRU,BIIB,TEL,VRTX,BKNG"
2021-04-01,25,0.04285326269950658,1.6252402693487888,0.004063100673371972,0.03879016202613461,0.0416614673038981,0.02346268782250484,0.01532747420362977,-0.0028713052777634904,"EQIX,DLR,PANW,CMG,AIG,PRU,BIIB,TEL,VRTX,BKNG"
2021-04-01,50,0.04285326269950658,1.6252402693487888,0.008126201346743944,0.034727061352762635,0.0416614673038981,0.02346268782250484,0.011264373530257794,-0.006934405951135467,"EQIX,DLR,PANW,CMG,AIG,PRU,BIIB,TEL,VRTX,BKNG"
2021-05-03,0,0.0782792108549948,1.6014873086092967,0.0,0.0782792108549948,0.0035150644783579,0.006089687151049292,0.0721895237039455,0.07476414637663689,"F,MAR,BKNG,DOW,HAL,AIG,IR,YUM,GM,SLB"
2021-05-03,5,0.0782792108549948,1.6014873086092967,0.0008007436543046484,0.07747846720069015,0.0035150644783579,0.006089687151049292,0.07138878004964086,0.07396340272233226,"F,MAR,BKNG,DOW,HAL,AIG,IR,YUM,GM,SLB"
2021-05-03,10,0.0782792108549948,1.6014873086092967,0.0016014873086092967,0.0766777235463855,0.0035150644783579,0.006089687151049292,0.0705880363953362,0.0731626590680276,"F,MAR,BKNG,DOW,HAL,AIG,IR,YUM,GM,SLB"
2021-05-03,25,0.0782792108549948,1.6014873086092967,0.004003718271523242,0.07427549258347156,0.0035150644783579,0.006089687151049292,0.06818580543242227,0.07076042810511365,"F,MAR,BKNG,DOW,HAL,AIG,IR,YUM,GM,SLB"
2021-05-03,50,0.0782792108549948,1.6014873086092967,0.008007436543046484,0.07027177431194831,0.0035150644783579,0.006089687151049292,0.06418208716089902,0.06675670983359042,"F,MAR,BKNG,DOW,HAL,AIG,IR,YUM,GM,SLB"
2021-06-01,0,-0.02685071986736708,1.4447901068744717,0.0,-0.02685071986736708,0.0224682429971732,-0.0018284238854756594,-0.02502229598189142,-0.04931896286454028,"BRK-B,BKNG,CTVA,GLW,YUM,LEN,PRU,IR,NFLX,EXC"
2021-06-01,5,-0.02685071986736708,1.4447901068744717,0.0007223950534372359,-0.027573114920804314,0.0224682429971732,-0.0018284238854756594,-0.025744691035328653,-0.050041357917977515,"BRK-B,BKNG,CTVA,GLW,YUM,LEN,PRU,IR,NFLX,EXC"
2021-06-01,10,-0.02685071986736708,1.4447901068744717,0.0014447901068744718,-0.028295509974241552,0.0224682429971732,-0.0018284238854756594,-0.02646708608876589,-0.05076375297141475,"BRK-B,BKNG,CTVA,GLW,YUM,LEN,PRU,IR,NFLX,EXC"
2021-06-01,25,-0.02685071986736708,1.4447901068744717,0.0036119752671861793,-0.03046269513455326,0.0224682429971732,-0.0018284238854756594,-0.028634271249077598,-0.05293093813172646,"BRK-B,BKNG,CTVA,GLW,YUM,LEN,PRU,IR,NFLX,EXC"
2021-06-01,50,-0.02685071986736708,1.4447901068744717,0.007223950534372359,-0.034074670401739435,0.0224682429971732,-0.0018284238854756594,-0.032246246516263774,-0.05654291339891264,"BRK-B,BKNG,CTVA,GLW,YUM,LEN,PRU,IR,NFLX,EXC"
2021-07-01,0,-0.004189748946828659,1.4197292086727191,0.0,-0.004189748946828659,0.0187719726499542,0.027653472975089976,-0.03184322192191864,-0.022961721596782857,"FCX,BKNG,TSLA,URI,PRU,BRK-B,AMP,TT,HPQ,HAL"
2021-07-01,5,-0.004189748946828659,1.4197292086727191,0.0007098646043363595,-0.004899613551165019,0.0187719726499542,0.027653472975089976,-0.03255308652625499,-0.02367158620111922,"FCX,BKNG,TSLA,URI,PRU,BRK-B,AMP,TT,HPQ,HAL"
2021-07-01,10,-0.004189748946828659,1.4197292086727191,0.001419729208672719,-0.0056094781555013785,0.0187719726499542,0.027653472975089976,-0.033262951130591356,-0.024381450805455576,"FCX,BKNG,TSLA,URI,PRU,BRK-B,AMP,TT,HPQ,HAL"
2021-07-01,25,-0.004189748946828659,1.4197292086727191,0.003549323021681798,-0.007739071968510457,0.0187719726499542,0.027653472975089976,-0.03539254494360043,-0.026511044618464655,"FCX,BKNG,TSLA,URI,PRU,BRK-B,AMP,TT,HPQ,HAL"
2021-07-01,50,-0.004189748946828659,1.4197292086727191,0.007098646043363596,-0.011288394990192255,0.0187719726499542,0.027653472975089976,-0.038941867965282234,-0.030060367640146454,"FCX,BKNG,TSLA,URI,PRU,BRK-B,AMP,TT,HPQ,HAL"
2021-08-02,0,0.004168717477970612,1.4109972520241285,0.0,0.004168717477970612,0.0334559976233461,0.03082337807157749,-0.026654660593606876,-0.02928728014537549,"OKE,FCX,GM,BKNG,F,SPG,EOG,HPQ,SLB,NVDA"
2021-08-02,5,0.004168717477970612,1.4109972520241285,0.0007054986260120643,0.0034632188519585472,0.0334559976233461,0.03082337807157749,-0.027360159219618943,-0.029992778771387552,"OKE,FCX,GM,BKNG,F,SPG,EOG,HPQ,SLB,NVDA"
2021-08-02,10,0.004168717477970612,1.4109972520241285,0.0014109972520241286,0.002757720225946483,0.0334559976233461,0.03082337807157749,-0.028065657845631007,-0.030698277397399616,"OKE,FCX,GM,BKNG,F,SPG,EOG,HPQ,SLB,NVDA"
2021-08-02,25,0.004168717477970612,1.4109972520241285,0.0035274931300603215,0.0006412243479102901,0.0334559976233461,0.03082337807157749,-0.0301821537236672,-0.032814773275435805,"OKE,FCX,GM,BKNG,F,SPG,EOG,HPQ,SLB,NVDA"
2021-08-02,50,0.004168717477970612,1.4109972520241285,0.007054986260120643,-0.0028862687821500314,0.0334559976233461,0.03082337807157749,-0.03370964685372752,-0.03634226640549613,"OKE,FCX,GM,BKNG,F,SPG,EOG,HPQ,SLB,NVDA"
2021-09-01,0,0.02481943151454801,1.0138656456663488,0.0,0.02481943151454801,-0.0471119243396083,-0.058466336334506,0.083285767849054,0.0719313558541563,"UBER,OKE,TSLA,F,PRU,AIG,FCX,BKNG,NVDA,PSX"
2021-09-01,5,0.02481943151454801,1.0138656456663488,0.0005069328228331744,0.024312498691714837,-0.0471119243396083,-0.058466336334506,0.08277883502622084,0.07142442303132314,"UBER,OKE,TSLA,F,PRU,AIG,FCX,BKNG,NVDA,PSX"
2021-09-01,10,0.02481943151454801,1.0138656456663488,0.0010138656456663488,0.023805565868881662,-0.0471119243396083,-0.058466336334506,0.08227190220338766,0.07091749020848996,"UBER,OKE,TSLA,F,PRU,AIG,FCX,BKNG,NVDA,PSX"
2021-09-01,25,0.02481943151454801,1.0138656456663488,0.0025346641141658723,0.022284767400382138,-0.0471119243396083,-0.058466336334506,0.08075110373488814,0.06939669173999044,"UBER,OKE,TSLA,F,PRU,AIG,FCX,BKNG,NVDA,PSX"
2021-09-01,50,0.02481943151454801,1.0138656456663488,0.005069328228331745,0.019750103286216267,-0.0471119243396083,-0.058466336334506,0.07821643962072226,0.06686202762582456,"UBER,OKE,TSLA,F,PRU,AIG,FCX,BKNG,NVDA,PSX"
2021-10-01,0,0.13611166284935577,0.8495389442566769,0.0,0.13611166284935577,0.0575949027633313,0.04814664851682542,0.08796501433253034,0.07851676008602448,"TSLA,BKNG,SPG,AMP,AIG,ANET,AMAT,PRU,FCX,NVDA"
2021-10-01,5,0.13611166284935577,0.8495389442566769,0.00042476947212833846,0.13568689337722745,0.0575949027633313,0.04814664851682542,0.08754024486040202,0.07809199061389616,"TSLA,BKNG,SPG,AMP,AIG,ANET,AMAT,PRU,FCX,NVDA"
2021-10-01,10,0.13611166284935577,0.8495389442566769,0.0008495389442566769,0.1352621239050991,0.0575949027633313,0.04814664851682542,0.08711547538827366,0.0776672211417678,"TSLA,BKNG,SPG,AMP,AIG,ANET,AMAT,PRU,FCX,NVDA"
2021-10-01,25,0.13611166284935577,0.8495389442566769,0.002123847360641692,0.13398781548871408,0.0575949027633313,0.04814664851682542,0.08584116697188865,0.07639291272538279,"TSLA,BKNG,SPG,AMP,AIG,ANET,AMAT,PRU,FCX,NVDA"
2021-10-01,50,0.13611166284935577,0.8495389442566769,0.004247694721283384,0.13186396812807238,0.0575949027633313,0.04814664851682542,0.08371731961124695,0.0742690653647411,"TSLA,BKNG,SPG,AMP,AIG,ANET,AMAT,PRU,FCX,NVDA"
2021-11-01,0,-0.05242053332476175,1.4577301657023836,0.0,-0.05242053332476175,-0.0097383030005113,0.0073201932980121705,-0.059740726622773924,-0.04268223032425045,"BKNG,FDX,PRU,C,AMAT,VRTX,CL,KHC,HAL,XEL"
2021-11-01,5,-0.05242053332476175,1.4577301657023836,0.0007288650828511918,-0.053149398407612944,-0.0097383030005113,0.0073201932980121705,-0.06046959170562512,-0.04341109540710164,"BKNG,FDX,PRU,C,AMAT,VRTX,CL,KHC,HAL,XEL"
2021-11-01,10,-0.05242053332476175,1.4577301657023836,0.0014577301657023836,-0.05387826349046414,-0.0097383030005113,0.0073201932980121705,-0.06119845678847631,-0.044139960489952834,"BKNG,FDX,PRU,C,AMAT,VRTX,CL,KHC,HAL,XEL"
2021-11-01,25,-0.05242053332476175,1.4577301657023836,0.003644325414255959,-0.05606485873901771,-0.0097383030005113,0.0073201932980121705,-0.06338505203702988,-0.046326555738506414,"BKNG,FDX,PRU,C,AMAT,VRTX,CL,KHC,HAL,XEL"
2021-11-01,50,-0.05242053332476175,1.4577301657023836,0.007288650828511918,-0.05970918415327367,-0.0097383030005113,0.0073201932980121705,-0.06702937745128584,-0.04997088115276237,"BKNG,FDX,PRU,C,AMAT,VRTX,CL,KHC,HAL,XEL"
2021-12-01,0,0.08233412283760472,2.0000000000000004,0.0,0.08233412283760472,0.060672253743766,0.08247639321493876,-0.0001422703773340389,0.021661869093838715,"FIS,OKE,NEM,CDNS,ORLY,BDX,ANET,AZO,OXY,AON"
2021-12-01,5,0.08233412283760472,2.0000000000000004,0.0010000000000000002,0.08133412283760472,0.060672253743766,0.08247639321493876,-0.0011422703773340398,0.020661869093838714,"FIS,OKE,NEM,CDNS,ORLY,BDX,ANET,AZO,OXY,AON"
2021-12-01,10,0.08233412283760472,2.0000000000000004,0.0020000000000000005,0.08033412283760472,0.060672253743766,0.08247639321493876,-0.0021422703773340407,0.019661869093838713,"FIS,OKE,NEM,CDNS,ORLY,BDX,ANET,AZO,OXY,AON"
2021-12-01,25,0.08233412283760472,2.0000000000000004,0.005000000000000001,0.07733412283760471,0.060672253743766,0.08247639321493876,-0.005142270377334043,0.01666186909383871,"FIS,OKE,NEM,CDNS,ORLY,BDX,ANET,AZO,OXY,AON"
2021-12-01,50,0.08233412283760472,2.0000000000000004,0.010000000000000002,0.07233412283760471,0.060672253743766,0.08247639321493876,-0.010142270377334048,0.011661869093838706,"FIS,OKE,NEM,CDNS,ORLY,BDX,ANET,AZO,OXY,AON"
2022-01-03,0,-0.009495836097098118,1.6164496242707938,0.0,-0.009495836097098118,-0.0518305677467618,-0.06289418202936718,0.05339834593226907,0.042334731649663684,"ODFL,FIS,CMG,GLW,AMZN,KHC,OKE,LHX,EA,PRU"
2022-01-03,5,-0.009495836097098118,1.6164496242707938,0.0008082248121353969,-0.010304060909233515,-0.0518305677467618,-0.06289418202936718,0.05259012112013367,0.04152650683752829,"ODFL,FIS,CMG,GLW,AMZN,KHC,OKE,LHX,EA,PRU"
2022-01-03,10,-0.009495836097098118,1.6164496242707938,0.0016164496242707938,-0.011112285721368912,-0.0518305677467618,-0.06289418202936718,0.051781896307998274,0.04071828202539289,"ODFL,FIS,CMG,GLW,AMZN,KHC,OKE,LHX,EA,PRU"
2022-01-03,25,-0.009495836097098118,1.6164496242707938,0.004041124060676984,-0.013536960157775103,-0.0518305677467618,-0.06289418202936718,0.04935722187159208,0.0382936075889867,"ODFL,FIS,CMG,GLW,AMZN,KHC,OKE,LHX,EA,PRU"
2022-01-03,50,-0.009495836097098118,1.6164496242707938,0.008082248121353969,-0.017578084218452087,-0.0518305677467618,-0.06289418202936718,0.0453160978109151,0.034252483528309716,"ODFL,FIS,CMG,GLW,AMZN,KHC,OKE,LHX,EA,PRU"
2022-02-01,0,-0.04745775897346553,1.8000000000000005,0.0,-0.04745775897346553,-0.0332487022132972,-0.040540381302452154,-0.006917377671013379,-0.014209056760168336,"ANET,PRU,BRK-B,AIG,CL,SPG,BKNG,F,BIIB,APH"
2022-02-01,5,-0.04745775897346553,1.8000000000000005,0.0009000000000000003,-0.04835775897346553,-0.0332487022132972,-0.040540381302452154,-0.007817377671013377,-0.015109056760168334,"ANET,PRU,BRK-B,AIG,CL,SPG,BKNG,F,BIIB,APH"
2022-02-01,10,-0.04745775897346553,1.8000000000000005,0.0018000000000000006,-0.049257758973465536,-0.0332487022132972,-0.040540381302452154,-0.008717377671013382,-0.01600905676016834,"ANET,PRU,BRK-B,AIG,CL,SPG,BKNG,F,BIIB,APH"
2022-02-01,25,-0.04745775897346553,1.8000000000000005,0.004500000000000001,-0.05195775897346554,-0.0332487022132972,-0.040540381302452154,-0.011417377671013383,-0.01870905676016834,"ANET,PRU,BRK-B,AIG,CL,SPG,BKNG,F,BIIB,APH"
2022-02-01,50,-0.04745775897346553,1.8000000000000005,0.009000000000000003,-0.056457758973465534,-0.0332487022132972,-0.040540381302452154,-0.01591737767101338,-0.023209056760168337,"ANET,PRU,BRK-B,AIG,CL,SPG,BKNG,F,BIIB,APH"
2022-03-01,0,0.09732463768617527,1.2000000000000002,0.0,0.09732463768617527,0.076756702020782,0.06264618096335049,0.03467845672282478,0.020567935665393278,"AIG,PRU,NVDA,HLT,IR,ANET,ROST,KMB,EMR,APH"
2022-03-01,5,0.09732463768617527,1.2000000000000002,0.0006000000000000001,0.09672463768617527,0.076756702020782,0.06264618096335049,0.03407845672282478,0.019967935665393274,"AIG,PRU,NVDA,HLT,IR,ANET,ROST,KMB,EMR,APH"
2022-03-01,10,0.09732463768617527,1.2000000000000002,0.0012000000000000001,0.09612463768617527,0.076756702020782,0.06264618096335049,0.033478456722824776,0.01936793566539327,"AIG,PRU,NVDA,HLT,IR,ANET,ROST,KMB,EMR,APH"
2022-03-01,25,0.09732463768617527,1.2000000000000002,0.0030000000000000005,0.09432463768617527,0.076756702020782,0.06264618096335049,0.03167845672282478,0.017567935665393275,"AIG,PRU,NVDA,HLT,IR,ANET,ROST,KMB,EMR,APH"
2022-03-01,50,0.09732463768617527,1.2000000000000002,0.006000000000000001,0.09132463768617527,0.076756702020782,0.06264618096335049,0.028678456722824777,0.014567935665393272,"AIG,PRU,NVDA,HLT,IR,ANET,ROST,KMB,EMR,APH"
2022-04-01,0,-0.08223785758798483,1.60927430027443,0.0,-0.08223785758798483,-0.084871498611863,-0.07394917948644228,-0.008288678101542546,0.0026336410238781693,"USB,BIIB,JPM,MMM,F,TT,PRU,DD,BAC,APH"
2022-04-01,5,-0.08223785758798483,1.60927430027443,0.000804637150137215,-0.08304249473812204,-0.084871498611863,-0.07394917948644228,-0.009093315251679765,0.0018290038737409503,"USB,BIIB,JPM,MMM,F,TT,PRU,DD,BAC,APH"
2022-04-01,10,-0.08223785758798483,1.60927430027443,0.00160927430027443,-0.08384713188825925,-0.084871498611863,-0.07394917948644228,-0.00989795240181697,0.0010243667236037451,"USB,BIIB,JPM,MMM,F,TT,PRU,DD,BAC,APH"
2022-04-01,25,-0.08223785758798483,1.60927430027443,0.004023185750686075,-0.0862610433386709,-0.084871498611863,-0.07394917948644228,-0.012311863852228627,-0.001389544726807912,"USB,BIIB,JPM,MMM,F,TT,PRU,DD,BAC,APH"
2022-04-01,50,-0.08223785758798483,1.60927430027443,0.00804637150137215,-0.09028422908935697,-0.084871498611863,-0.07394917948644228,-0.016335049602914695,-0.005412730477493979,"USB,BIIB,JPM,MMM,F,TT,PRU,DD,BAC,APH"
2022-05-02,0,0.023836064240547843,1.4240001727202198,0.0,0.023836064240547843,-0.0037396737179195,-0.008959513074796217,0.03279557731534406,0.027575737958467343,"SPG,CMG,BLK,TFC,JPM,IR,BAC,F,SBUX,GM"
2022-05-02,5,0.023836064240547843,1.4240001727202198,0.0007120000863601099,0.023124064154187732,-0.0037396737179195,-0.008959513074796217,0.032083577228983945,0.026863737872107232,"SPG,CMG,BLK,TFC,JPM,IR,BAC,F,SBUX,GM"
2022-05-02,10,0.023836064240547843,1.4240001727202198,0.0014240001727202198,0.022412064067827624,-0.0037396737179195,-0.008959513074796217,0.03137157714262384,0.026151737785747125,"SPG,CMG,BLK,TFC,JPM,IR,BAC,F,SBUX,GM"
2022-05-02,25,0.023836064240547843,1.4240001727202198,0.0035600004318005495,0.020276063808747292,-0.0037396737179195,-0.008959513074796217,0.02923557688354351,0.024015737526666792,"SPG,CMG,BLK,TFC,JPM,IR,BAC,F,SBUX,GM"
2022-05-02,50,0.023836064240547843,1.4240001727202198,0.007120000863601099,0.016716063376946744,-0.0037396737179195,-0.008959513074796217,0.02567557645174296,0.020455737094866245,"SPG,CMG,BLK,TFC,JPM,IR,BAC,F,SBUX,GM"
2022-06-01,0,-0.06748461467184183,2.0000000000000004,0.0,-0.06748461467184183,-0.0749783909841353,-0.07800989635214112,0.010525281680299287,0.007493776312293476,"NFLX,UBER,APH,CSX,COR,AIG,KMB,O,FAST,MMM"
2022-06-01,5,-0.06748461467184183,2.0000000000000004,0.0010000000000000002,-0.06848461467184183,-0.0749783909841353,-0.07800989635214112,0.009525281680299286,0.0064937763122934755,"NFLX,UBER,APH,CSX,COR,AIG,KMB,O,FAST,MMM"
2022-06-01,10,-0.06748461467184183,2.0000000000000004,0.0020000000000000005,-0.06948461467184183,-0.0749783909841353,-0.07800989635214112,0.008525281680299285,0.005493776312293475,"NFLX,UBER,APH,CSX,COR,AIG,KMB,O,FAST,MMM"
2022-06-01,25,-0.06748461467184183,2.0000000000000004,0.005000000000000001,-0.07248461467184183,-0.0749783909841353,-0.07800989635214112,0.005525281680299282,0.002493776312293472,"NFLX,UBER,APH,CSX,COR,AIG,KMB,O,FAST,MMM"
2022-06-01,50,-0.06748461467184183,2.0000000000000004,0.010000000000000002,-0.07748461467184184,-0.0749783909841353,-0.07800989635214112,0.0005252816802992777,-0.0025062236877065325,"NFLX,UBER,APH,CSX,COR,AIG,KMB,O,FAST,MMM"
2022-07-01,0,0.1695394756910897,1.4143513523770643,0.0,0.1695394756910897,0.0774577714158475,0.0054805919857738895,0.16405888370531582,0.0920817042752422,"NFLX,CMG,GM,UBER,F,SPG,APH,BAC,AMP,CSCO"
2022-07-01,5,0.1695394756910897,1.4143513523770643,0.0007071756761885321,0.16883230001490118,0.0774577714158475,0.0054805919857738895,0.1633517080291273,0.09137452859905368,"NFLX,CMG,GM,UBER,F,SPG,APH,BAC,AMP,CSCO"
2022-07-01,10,0.1695394756910897,1.4143513523770643,0.0014143513523770643,0.16812512433871266,0.0774577714158475,0.0054805919857738895,0.16264453235293877,0.09066735292286515,"NFLX,CMG,GM,UBER,F,SPG,APH,BAC,AMP,CSCO"
2022-07-01,25,0.1695394756910897,1.4143513523770643,0.0035358783809426608,0.16600359731014705,0.0774577714158475,0.0054805919857738895,0.16052300532437316,0.08854582589429955,"NFLX,CMG,GM,UBER,F,SPG,APH,BAC,AMP,CSCO"
2022-07-01,50,0.1695394756910897,1.4143513523770643,0.0070717567618853215,0.1624677189292044,0.0774577714158475,0.0054805919857738895,0.1569871269434305,0.08500994751335689,"NFLX,CMG,GM,UBER,F,SPG,APH,BAC,AMP,CSCO"
2022-08-01,0,0.014324272788593556,1.4202113849474884,0.0,0.014324272788593556,-0.019816418429204,0.015019222530503928,-0.0006949497419103719,0.03414069121779756,"NFLX,COF,BKNG,AIG,JPM,BAC,UBER,ROST,ORLY,MU"
2022-08-01,5,0.014324272788593556,1.4202113849474884,0.0007101056924737442,0.013614167096119812,-0.019816418429204,0.015019222530503928,-0.001405055434384116,0.03343058552532381,"NFLX,COF,BKNG,AIG,JPM,BAC,UBER,ROST,ORLY,MU"
2022-08-01,10,0.014324272788593556,1.4202113849474884,0.0014202113849474884,0.012904061403646068,-0.019816418429204,0.015019222530503928,-0.00211516112685786,0.03272047983285007,"NFLX,COF,BKNG,AIG,JPM,BAC,UBER,ROST,ORLY,MU"
2022-08-01,25,0.014324272788593556,1.4202113849474884,0.0035505284623687213,0.010773744326224834,-0.019816418429204,0.015019222530503928,-0.004245478204279094,0.030590162755428835,"NFLX,COF,BKNG,AIG,JPM,BAC,UBER,ROST,ORLY,MU"
2022-08-01,50,0.014324272788593556,1.4202113849474884,0.0071010569247374426,0.007223215863856113,-0.019816418429204,0.015019222530503928,-0.0077960066666478145,0.027039634293060114,"NFLX,COF,BKNG,AIG,JPM,BAC,UBER,ROST,ORLY,MU"
2022-09-01,0,-0.06945252576791947,1.803997998340235,0.0,-0.06945252576791947,-0.095284737588156,-0.1161942094234,0.04674168365548054,0.02583221182023654,"BRK-B,NEM,SHW,USB,AJG,ORLY,WELL,KHC,WM,KDP"
2022-09-01,5,-0.06945252576791947,1.803997998340235,0.0009019989991701175,-0.07035452476708959,-0.095284737588156,-0.1161942094234,0.045839684656310414,0.024930212821066416,"BRK-B,NEM,SHW,USB,AJG,ORLY,WELL,KHC,WM,KDP"
2022-09-01,10,-0.06945252576791947,1.803997998340235,0.001803997998340235,-0.0712565237662597,-0.095284737588156,-0.1161942094234,0.044937685657140305,0.024028213821896308,"BRK-B,NEM,SHW,USB,AJG,ORLY,WELL,KHC,WM,KDP"
2022-09-01,25,-0.06945252576791947,1.803997998340235,0.0045099949958505876,-0.07396252076377005,-0.095284737588156,-0.1161942094234,0.04223168865962995,0.021322216824385953,"BRK-B,NEM,SHW,USB,AJG,ORLY,WELL,KHC,WM,KDP"
2022-09-01,50,-0.06945252576791947,1.803997998340235,0.009019989991701175,-0.07847251575962064,-0.095284737588156,-0.1161942094234,0.037721693663779365,0.016812221828535368,"BRK-B,NEM,SHW,USB,AJG,ORLY,WELL,KHC,WM,KDP"
2022-10-03,0,0.05241494317114065,1.0194813442460569,0.0,0.05241494317114065,0.0534628093467937,0.04205489965510553,0.010360043516035117,-0.0010478661756530491,"ORLY,WM,PFE,BRK-B,GD,WMT,WELL,KDP,RSG,HLT"
2022-10-03,5,0.05241494317114065,1.0194813442460569,0.0005097406721230284,0.05190520249901762,0.0534628093467937,0.04205489965510553,0.009850302843912091,-0.0015576068477760746,"ORLY,WM,PFE,BRK-B,GD,WMT,WELL,KDP,RSG,HLT"
2022-10-03,10,0.05241494317114065,1.0194813442460569,0.0010194813442460568,0.05139546182689459,0.0534628093467937,0.04205489965510553,0.009340562171789059,-0.002067347519899107,"ORLY,WM,PFE,BRK-B,GD,WMT,WELL,KDP,RSG,HLT"
2022-10-03,25,0.05241494317114065,1.0194813442460569,0.002548703360615142,0.04986623981052551,0.0534628093467937,0.04205489965510553,0.0078113401554199755,-0.0035965695362681904,"ORLY,WM,PFE,BRK-B,GD,WMT,WELL,KDP,RSG,HLT"
2022-10-03,50,0.05241494317114065,1.0194813442460569,0.005097406721230284,0.047317536449910366,0.0534628093467937,0.04205489965510553,0.005262636794804834,-0.006145272896883332,"ORLY,WM,PFE,BRK-B,GD,WMT,WELL,KDP,RSG,HLT"
2022-11-01,0,0.08666437228191098,1.440272358947653,0.0,0.08666437228191098,0.0602309388388362,0.028981003822048778,0.0576833684598622,0.026433433443074784,"NEM,DOW,MU,NFLX,WELL,BKNG,HPQ,KDP,WM,BAC"
2022-11-01,5,0.08666437228191098,1.440272358947653,0.0007201361794738264,0.08594423610243716,0.0602309388388362,0.028981003822048778,0.05696323228038838,0.025713297263600964,"NEM,DOW,MU,NFLX,WELL,BKNG,HPQ,KDP,WM,BAC"
2022-11-01,10,0.08666437228191098,1.440272358947653,0.0014402723589476529,0.08522409992296333,0.0602309388388362,0.028981003822048778,0.05624309610091455,0.02499316108412713,"NEM,DOW,MU,NFLX,WELL,BKNG,HPQ,KDP,WM,BAC"
2022-11-01,25,0.08666437228191098,1.440272358947653,0.0036006808973691323,0.08306369138454185,0.0602309388388362,0.028981003822048778,0.05408268756249307,0.022832752545705652,"NEM,DOW,MU,NFLX,WELL,BKNG,HPQ,KDP,WM,BAC"
2022-11-01,50,0.08666437228191098,1.440272358947653,0.007201361794738265,0.07946301048717272,0.0602309388388362,0.028981003822048778,0.05048200666512394,0.01923207164833652,"NEM,DOW,MU,NFLX,WELL,BKNG,HPQ,KDP,WM,BAC"
2022-12-01,0,-0.04829957874333475,1.6104870215964078,0.0,-0.04829957874333475,-0.0569342973574579,-0.0404873143854518,-0.007812264357882952,0.008634718614123148,"COF,BRK-B,CRM,NFLX,ECL,MDT,C,MU,D,PSA"
2022-12-01,5,-0.04829957874333475,1.6104870215964078,0.000805243510798204,-0.04910482225413296,-0.0569342973574579,-0.0404873143854518,-0.008617507868681158,0.007829475103324941,"COF,BRK-B,CRM,NFLX,ECL,MDT,C,MU,D,PSA"
2022-12-01,10,-0.04829957874333475,1.6104870215964078,0.001610487021596408,-0.04991006576493116,-0.0569342973574579,-0.0404873143854518,-0.009422751379479358,0.007024231592526742,"COF,BRK-B,CRM,NFLX,ECL,MDT,C,MU,D,PSA"
2022-12-01,25,-0.04829957874333475,1.6104870215964078,0.004026217553991019,-0.05232579629732577,-0.0569342973574579,-0.0404873143854518,-0.01183848191187397,0.004608501060132129,"COF,BRK-B,CRM,NFLX,ECL,MDT,C,MU,D,PSA"
2022-12-01,50,-0.04829957874333475,1.6104870215964078,0.008052435107982038,-0.05635201385131679,-0.0569342973574579,-0.0404873143854518,-0.01586469946586499,0.0005822835061411111,"COF,BRK-B,CRM,NFLX,ECL,MDT,C,MU,D,PSA"
2023-01-03,0,0.14225742973807384,1.6044830954192597,0.0,0.14225742973807384,0.0787248023022737,0.09035687253150076,0.05190055720657308,0.06353262743580014,"OXY,BRK-B,FIS,BKNG,NFLX,PANW,QCOM,CMG,HPQ,APH"
2023-01-03,5,0.14225742973807384,1.6044830954192597,0.0008022415477096299,0.1414551881903642,0.0787248023022737,0.09035687253150076,0.05109831565886344,0.0627303858880905,"OXY,BRK-B,FIS,BKNG,NFLX,PANW,QCOM,CMG,HPQ,APH"
2023-01-03,10,0.14225742973807384,1.6044830954192597,0.0016044830954192598,0.14065294664265457,0.0787248023022737,0.09035687253150076,0.050296074111153805,0.06192814434038087,"OXY,BRK-B,FIS,BKNG,NFLX,PANW,QCOM,CMG,HPQ,APH"
2023-01-03,25,0.14225742973807384,1.6044830954192597,0.004011207738548149,0.1382462219995257,0.0787248023022737,0.09035687253150076,0.04788934946802492,0.059521419697251984,"OXY,BRK-B,FIS,BKNG,NFLX,PANW,QCOM,CMG,HPQ,APH"
2023-01-03,50,0.14225742973807384,1.6044830954192597,0.008022415477096298,0.13423501426097756,0.0787248023022737,0.09035687253150076,0.043878141729476794,0.055510211958703856,"OXY,BRK-B,FIS,BKNG,NFLX,PANW,QCOM,CMG,HPQ,APH"
2023-02-01,0,-0.04576360099403009,1.2564618248871573,0.0,-0.04576360099403009,-0.0316212033013924,-0.017079400773289576,-0.028684200220740513,-0.014142397692637691,"BRK-B,NFLX,OXY,PPG,COP,SHW,KR,APH,DHR,EOG"
2023-02-01,5,-0.04576360099403009,1.2564618248871573,0.0006282309124435786,-0.04639183190647367,-0.0316212033013924,-0.017079400773289576,-0.029312431133184092,-0.01477062860508127,"BRK-B,NFLX,OXY,PPG,COP,SHW,KR,APH,DHR,EOG"
2023-02-01,10,-0.04576360099403009,1.2564618248871573,0.0012564618248871572,-0.04702006281891725,-0.0316212033013924,-0.017079400773289576,-0.02994066204562767,-0.01539885951752485,"BRK-B,NFLX,OXY,PPG,COP,SHW,KR,APH,DHR,EOG"
2023-02-01,25,-0.04576360099403009,1.2564618248871573,0.0031411545622178935,-0.04890475555624798,-0.0316212033013924,-0.017079400773289576,-0.03182535478295841,-0.01728355225485558,"BRK-B,NFLX,OXY,PPG,COP,SHW,KR,APH,DHR,EOG"
2023-02-01,50,-0.04576360099403009,1.2564618248871573,0.006282309124435787,-0.05204591011846588,-0.0316212033013924,-0.017079400773289576,-0.0349665093451763,-0.02042470681707348,"BRK-B,NFLX,OXY,PPG,COP,SHW,KR,APH,DHR,EOG"
2023-03-01,0,0.004058724730313021,1.6194219537841241,0.0,0.004058724730313021,0.0206256429214852,0.02078290136161621,-0.016724176631303187,-0.01656691819117218,"NFLX,BRK-B,C,SO,AEP,BKNG,PFE,EMR,KDP,COF"
2023-03-01,5,0.004058724730313021,1.6194219537841241,0.0008097109768920621,0.0032490137534209587,0.0206256429214852,0.02078290136161621,-0.01753388760819525,-0.01737662916806424,"NFLX,BRK-B,C,SO,AEP,BKNG,PFE,EMR,KDP,COF"
2023-03-01,10,0.004058724730313021,1.6194219537841241,0.0016194219537841242,0.0024393027765288967,0.0206256429214852,0.02078290136161621,-0.01834359858508731,-0.018186340144956303,"NFLX,BRK-B,C,SO,AEP,BKNG,PFE,EMR,KDP,COF"
2023-03-01,25,0.004058724730313021,1.6194219537841241,0.004048554884460311,1.01698458527099e-05,0.0206256429214852,0.02078290136161621,-0.020772731515763497,-0.02061547307563249,"NFLX,BRK-B,C,SO,AEP,BKNG,PFE,EMR,KDP,COF"
2023-03-01,50,0.004058724730313021,1.6194219537841241,0.008097109768920622,-0.004038385038607601,0.0206256429214852,0.02078290136161621,-0.02482128640022381,-0.024664027960092802,"NFLX,BRK-B,C,SO,AEP,BKNG,PFE,EMR,KDP,COF"
2023-04-03,0,-0.005917928921293881,1.800363815239802,0.0,-0.005917928921293881,-0.0002676967935832,0.0033872112770022694,-0.00930514019829615,-0.00565023212771068,"DLR,BRK-B,TFC,SCHW,FIS,D,PRU,MMM,WFC,KHC"
2023-04-03,5,-0.005917928921293881,1.800363815239802,0.000900181907619901,-0.006818110828913782,-0.0002676967935832,0.0033872112770022694,-0.010205322105916051,-0.006550414035330581,"DLR,BRK-B,TFC,SCHW,FIS,D,PRU,MMM,WFC,KHC"
2023-04-03,10,-0.005917928921293881,1.800363815239802,0.001800363815239802,-0.007718292736533683,-0.0002676967935832,0.0033872112770022694,-0.011105504013535952,-0.007450595942950482,"DLR,BRK-B,TFC,SCHW,FIS,D,PRU,MMM,WFC,KHC"
2023-04-03,25,-0.005917928921293881,1.800363815239802,0.004500909538099505,-0.010418838459393386,-0.0002676967935832,0.0033872112770022694,-0.013806049736395655,-0.010151141665810185,"DLR,BRK-B,TFC,SCHW,FIS,D,PRU,MMM,WFC,KHC"
2023-04-03,50,-0.005917928921293881,1.800363815239802,0.00900181907619901,-0.014919747997492891,-0.0002676967935832,0.0033872112770022694,-0.01830695927449516,-0.01465205120390969,"DLR,BRK-B,TFC,SCHW,FIS,D,PRU,MMM,WFC,KHC"
2023-05-01,0,0.007406072120258042,1.2274098230492279,0.0,0.007406072120258042,0.0112391516151442,-0.012708793296309326,0.020114865416567367,-0.0038330794948861586,"TFC,NFLX,COF,USB,DLR,FIS,GM,BAC,HAL,MMM"
2023-05-01,5,0.007406072120258042,1.2274098230492279,0.0006137049115246139,0.006792367208733428,0.0112391516151442,-0.012708793296309326,0.019501160505042754,-0.004446784406410773,"TFC,NFLX,COF,USB,DLR,FIS,GM,BAC,HAL,MMM"
2023-05-01,10,0.007406072120258042,1.2274098230492279,0.0012274098230492278,0.0061786622972088145,0.0112391516151442,-0.012708793296309326,0.018887455593518142,-0.005060489317935386,"TFC,NFLX,COF,USB,DLR,FIS,GM,BAC,HAL,MMM"
2023-05-01,25,0.007406072120258042,1.2274098230492279,0.0030685245576230697,0.004337547562634972,0.0112391516151442,-0.012708793296309326,0.017046340858944298,-0.006901604052509228,"TFC,NFLX,COF,USB,DLR,FIS,GM,BAC,HAL,MMM"
2023-05-01,50,0.007406072120258042,1.2274098230492279,0.006137049115246139,0.0012690230050119026,0.0112391516151442,-0.012708793296309326,0.013977816301321229,-0.009970128610132297,"TFC,NFLX,COF,USB,DLR,FIS,GM,BAC,HAL,MMM"
2023-06-01,0,0.082926109053634,1.8021818994739038,0.0,0.082926109053634,0.0547783411670967,0.06531229672827404,0.017613812325359954,0.0281477678865373,"GM,BRK-B,VLO,COP,PSX,PGR,PRU,ADP,SPG,ROST"
2023-06-01,5,0.082926109053634,1.8021818994739038,0.000901090949736952,0.08202501810389705,0.0547783411670967,0.06531229672827404,0.016712721375623005,0.02724667693680035,"GM,BRK-B,VLO,COP,PSX,PGR,PRU,ADP,SPG,ROST"
2023-06-01,10,0.082926109053634,1.8021818994739038,0.001802181899473904,0.0811239271541601,0.0547783411670967,0.06531229672827404,0.015811630425886056,0.0263455859870634,"GM,BRK-B,VLO,COP,PSX,PGR,PRU,ADP,SPG,ROST"
2023-06-01,25,0.082926109053634,1.8021818994739038,0.00450545474868476,0.07842065430494924,0.0547783411670967,0.06531229672827404,0.013108357576675195,0.02364231313785254,"GM,BRK-B,VLO,COP,PSX,PGR,PRU,ADP,SPG,ROST"
2023-06-01,50,0.082926109053634,1.8021818994739038,0.00901090949736952,0.07391519955626448,0.0547783411670967,0.06531229672827404,0.008602902827990436,0.01913685838916778,"GM,BRK-B,VLO,COP,PSX,PGR,PRU,ADP,SPG,ROST"
2023-07-03,0,0.0005138314376775099,1.8050955672407076,0.0,0.0005138314376775099,0.0285946049123548,0.05605946268382259,-0.05554563124614508,-0.028080773474677287,"KDP,KHC,XEL,KMB,ALL,EXC,O,CMG,BRK-B,AEP"
2023-07-03,5,0.0005138314376775099,1.8050955672407076,0.0009025477836203538,-0.0003887163459428439,0.0285946049123548,0.05605946268382259,-0.056448179029765434,-0.028983321258297643,"KDP,KHC,XEL,KMB,ALL,EXC,O,CMG,BRK-B,AEP"
2023-07-03,10,0.0005138314376775099,1.8050955672407076,0.0018050955672407076,-0.0012912641295631977,0.0285946049123548,0.05605946268382259,-0.057350726813385794,-0.029885869041917996,"KDP,KHC,XEL,KMB,ALL,EXC,O,CMG,BRK-B,AEP"
2023-07-03,25,0.0005138314376775099,1.8050955672407076,0.00451273891810177,-0.00399890748042426,0.0285946049123548,0.05605946268382259,-0.06005837016424685,-0.03259351239277906,"KDP,KHC,XEL,KMB,ALL,EXC,O,CMG,BRK-B,AEP"
2023-07-03,50,0.0005138314376775099,1.8050955672407076,0.00902547783620354,-0.00851164639852603,0.0285946049123548,0.05605946268382259,-0.06457110908234862,-0.03710625131088083,"KDP,KHC,XEL,KMB,ALL,EXC,O,CMG,BRK-B,AEP"
2023-08-01,0,-0.056529356493968674,1.416483412109001,0.0,-0.056529356493968674,-0.0160357733956411,-0.033079257371049026,-0.02345009912291965,-0.040493583098327575,"MTD,NFLX,PANW,XEL,WFC,CMG,GILD,GM,KHC,CTVA"
2023-08-01,5,-0.056529356493968674,1.416483412109001,0.0007082417060545005,-0.05723759820002317,-0.0160357733956411,-0.033079257371049026,-0.024158340828974147,-0.04120182480438207,"MTD,NFLX,PANW,XEL,WFC,CMG,GILD,GM,KHC,CTVA"
2023-08-01,10,-0.056529356493968674,1.416483412109001,0.001416483412109001,-0.05794583990607768,-0.0160357733956411,-0.033079257371049026,-0.02486658253502865,-0.04191006651043658,"MTD,NFLX,PANW,XEL,WFC,CMG,GILD,GM,KHC,CTVA"
2023-08-01,25,-0.056529356493968674,1.416483412109001,0.0035412085302725027,-0.06007056502424118,-0.0160357733956411,-0.033079257371049026,-0.026991307653192152,-0.04403479162860008,"MTD,NFLX,PANW,XEL,WFC,CMG,GILD,GM,KHC,CTVA"
2023-08-01,50,-0.056529356493968674,1.416483412109001,0.007082417060545005,-0.06361177355451368,-0.0160357733956411,-0.033079257371049026,-0.030532516183464656,-0.04757600015887258,"MTD,NFLX,PANW,XEL,WFC,CMG,GILD,GM,KHC,CTVA"
2023-09-01,0,-0.060951647798463945,1.8000000000000003,0.0,-0.060951647798463945,-0.0495860322643463,-0.046015872366285064,-0.014935775432178881,-0.011365615534117648,"NFLX,O,T,SRE,GLW,EXC,KMB,TRV,LHX,KR"
2023-09-01,5,-0.060951647798463945,1.8000000000000003,0.0009000000000000002,-0.06185164779846394,-0.0495860322643463,-0.046015872366285064,-0.01583577543217888,-0.012265615534117646,"NFLX,O,T,SRE,GLW,EXC,KMB,TRV,LHX,KR"
2023-09-01,10,-0.060951647798463945,1.8000000000000003,0.0018000000000000004,-0.06275164779846394,-0.0495860322643463,-0.046015872366285064,-0.016735775432178877,-0.013165615534117645,"NFLX,O,T,SRE,GLW,EXC,KMB,TRV,LHX,KR"
2023-09-01,25,-0.060951647798463945,1.8000000000000003,0.0045000000000000005,-0.06545164779846395,-0.0495860322643463,-0.046015872366285064,-0.019435775432178885,-0.015865615534117652,"NFLX,O,T,SRE,GLW,EXC,KMB,TRV,LHX,KR"
2023-09-01,50,-0.060951647798463945,1.8000000000000003,0.009000000000000001,-0.06995164779846394,-0.0495860322643463,-0.046015872366285064,-0.023935775432178875,-0.020365615534117643,"NFLX,O,T,SRE,GLW,EXC,KMB,TRV,LHX,KR"
2023-10-02,0,-0.04659073122477621,1.620045774758842,0.0,-0.04659073122477621,-0.0274273946315322,-0.04344546544942174,-0.0031452657753544694,-0.01916333659324401,"NVDA,ETN,URI,NFLX,UBER,VRSK,XOM,PCAR,GLW,META"
2023-10-02,5,-0.04659073122477621,1.620045774758842,0.000810022887379421,-0.04740075411215563,-0.0274273946315322,-0.04344546544942174,-0.00395528866273389,-0.01997335948062343,"NVDA,ETN,URI,NFLX,UBER,VRSK,XOM,PCAR,GLW,META"
2023-10-02,10,-0.04659073122477621,1.620045774758842,0.001620045774758842,-0.04821077699953505,-0.0274273946315322,-0.04344546544942174,-0.00476531155011331,-0.02078338236800285,"NVDA,ETN,URI,NFLX,UBER,VRSK,XOM,PCAR,GLW,META"
2023-10-02,25,-0.04659073122477621,1.620045774758842,0.004050114436897105,-0.05064084566167331,-0.0274273946315322,-0.04344546544942174,-0.007195380212251572,-0.02321345103014111,"NVDA,ETN,URI,NFLX,UBER,VRSK,XOM,PCAR,GLW,META"
2023-10-02,50,-0.04659073122477621,1.620045774758842,0.00810022887379421,-0.05469096009857042,-0.0274273946315322,-0.04344546544942174,-0.011245494649148681,-0.02726356546703822,"NVDA,ETN,URI,NFLX,UBER,VRSK,XOM,PCAR,GLW,META"
2023-11-01,0,0.08937798039632228,1.8071884452681892,0.0,0.08937798039632228,0.0798277338759287,0.07690173640388066,0.012476243992441613,0.009550246520393574,"NVDA,MTD,KMB,CTVA,DLTR,GM,O,NEM,HPQ,HLT"
2023-11-01,5,0.08937798039632228,1.8071884452681892,0.0009035942226340946,0.08847438617368818,0.0798277338759287,0.07690173640388066,0.011572649769807514,0.008646652297759475,"NVDA,MTD,KMB,CTVA,DLTR,GM,O,NEM,HPQ,HLT"
2023-11-01,10,0.08937798039632228,1.8071884452681892,0.0018071884452681892,0.08757079195105409,0.0798277338759287,0.07690173640388066,0.010669055547173428,0.007743058075125389,"NVDA,MTD,KMB,CTVA,DLTR,GM,O,NEM,HPQ,HLT"
2023-11-01,25,0.08937798039632228,1.8071884452681892,0.004517971113170473,0.08486000928315181,0.0798277338759287,0.07690173640388066,0.007958272879271144,0.005032275407223105,"NVDA,MTD,KMB,CTVA,DLTR,GM,O,NEM,HPQ,HLT"
2023-11-01,50,0.08937798039632228,1.8071884452681892,0.009035942226340946,0.08034203816998133,0.0798277338759287,0.07690173640388066,0.003440301766100662,0.0005143042940526227,"NVDA,MTD,KMB,CTVA,DLTR,GM,O,NEM,HPQ,HLT"
2023-12-01,0,0.061437768881603474,1.6255635436364861,0.0,0.061437768881603474,0.0336883078636931,0.012899627965878412,0.04853814091572506,0.027749461017910378,"NFLX,AMD,AMZN,BIIB,GLW,F,HAL,GM,CTVA,CDNS"
2023-12-01,5,0.061437768881603474,1.6255635436364861,0.000812781771818243,0.060624987109785235,0.0336883078636931,0.012899627965878412,0.047725359143906826,0.026936679246092138,"NFLX,AMD,AMZN,BIIB,GLW,F,HAL,GM,CTVA,CDNS"
2023-12-01,10,0.061437768881603474,1.6255635436364861,0.001625563543636486,0.05981220533796699,0.0336883078636931,0.012899627965878412,0.04691257737208858,0.02612389747427389,"NFLX,AMD,AMZN,BIIB,GLW,F,HAL,GM,CTVA,CDNS"
2023-12-01,25,0.061437768881603474,1.6255635436364861,0.0040639088590912155,0.05737386002251226,0.0336883078636931,0.012899627965878412,0.04447423205663385,0.023685552158819165,"NFLX,AMD,AMZN,BIIB,GLW,F,HAL,GM,CTVA,CDNS"
2023-12-01,50,0.061437768881603474,1.6255635436364861,0.008127817718182431,0.05330995116342104,0.0336883078636931,0.012899627965878412,0.04041032319754263,0.019621643299727945,"NFLX,AMD,AMZN,BIIB,GLW,F,HAL,GM,CTVA,CDNS"
2024-01-02,0,0.0660720031271144,1.4272284377277447,0.0,0.0660720031271144,0.0216439441794973,-0.015939537882818256,0.08201154100993266,0.0444280589476171,"NFLX,BRK-B,VRSK,NOW,BKNG,GM,KMB,CMG,CDNS,MCO"
2024-01-02,5,0.0660720031271144,1.4272284377277447,0.0007136142188638723,0.06535838890825053,0.0216439441794973,-0.015939537882818256,0.08129792679106879,0.04371444472875323,"NFLX,BRK-B,VRSK,NOW,BKNG,GM,KMB,CMG,CDNS,MCO"
2024-01-02,10,0.0660720031271144,1.4272284377277447,0.0014272284377277447,0.06464477468938666,0.0216439441794973,-0.015939537882818256,0.08058431257220491,0.04300083050988936,"NFLX,BRK-B,VRSK,NOW,BKNG,GM,KMB,CMG,CDNS,MCO"
2024-01-02,25,0.0660720031271144,1.4272284377277447,0.0035680710943193617,0.06250393203279504,0.0216439441794973,-0.015939537882818256,0.0784434699156133,0.04085998785329774,"NFLX,BRK-B,VRSK,NOW,BKNG,GM,KMB,CMG,CDNS,MCO"
2024-01-02,50,0.0660720031271144,1.4272284377277447,0.007136142188638723,0.058935860938475686,0.0216439441794973,-0.015939537882818256,0.07487539882129395,0.03729191675897839,"NFLX,BRK-B,VRSK,NOW,BKNG,GM,KMB,CMG,CDNS,MCO"
2024-02-01,0,-0.001748774056403369,1.435068418517868,0.0,-0.001748774056403369,0.0483441731736677,0.031877374503595776,-0.033626148559999146,-0.05009294723007107,"VRSK,HPQ,FDX,KMB,HAL,BKNG,APD,C,YUM,SLB"
2024-02-01,5,-0.001748774056403369,1.435068418517868,0.000717534209258934,-0.002466308265662303,0.0483441731736677,0.031877374503595776,-0.03434368276925808,-0.05081048143933001,"VRSK,HPQ,FDX,KMB,HAL,BKNG,APD,C,YUM,SLB"
2024-02-01,10,-0.001748774056403369,1.435068418517868,0.001435068418517868,-0.003183842474921237,0.0483441731736677,0.031877374503595776,-0.03506121697851701,-0.05152801564858894,"VRSK,HPQ,FDX,KMB,HAL,BKNG,APD,C,YUM,SLB"
2024-02-01,25,-0.001748774056403369,1.435068418517868,0.00358767104629467,-0.005336445102698039,0.0483441731736677,0.031877374503595776,-0.037213819606293816,-0.05368061827636574,"VRSK,HPQ,FDX,KMB,HAL,BKNG,APD,C,YUM,SLB"
2024-02-01,50,-0.001748774056403369,1.435068418517868,0.00717534209258934,-0.00892411614899271,0.0483441731736677,0.031877374503595776,-0.040801490652588486,-0.05726828932266041,"VRSK,HPQ,FDX,KMB,HAL,BKNG,APD,C,YUM,SLB"
2024-03-01,0,0.05938426202770264,1.4036871830260336,0.0,0.05938426202770264,0.021316851983411,0.03035767073630219,0.02902659129140045,0.038067410044291636,"HUM,BRK-B,MMM,HAL,DD,O,VRSK,PANW,C,PFE"
2024-03-01,5,0.05938426202770264,1.4036871830260336,0.0007018435915130168,0.05868241843618962,0.021316851983411,0.03035767073630219,0.02832474769988743,0.03736556645277862,"HUM,BRK-B,MMM,HAL,DD,O,VRSK,PANW,C,PFE"
2024-03-01,10,0.05938426202770264,1.4036871830260336,0.0014036871830260336,0.057980574844676606,0.021316851983411,0.03035767073630219,0.027622904108374417,0.03666372286126561,"HUM,BRK-B,MMM,HAL,DD,O,VRSK,PANW,C,PFE"
2024-03-01,25,0.05938426202770264,1.4036871830260336,0.003509217957565084,0.055875044070137554,0.021316851983411,0.03035767073630219,0.025517373333835365,0.03455819208672656,"HUM,BRK-B,MMM,HAL,DD,O,VRSK,PANW,C,PFE"
2024-03-01,50,0.05938426202770264,1.4036871830260336,0.007018435915130168,0.05236582611257247,0.021316851983411,0.03035767073630219,0.02200815537627028,0.03104897412916147,"HUM,BRK-B,MMM,HAL,DD,O,VRSK,PANW,C,PFE"
2024-04-01,0,-0.0554245441960315,1.6288821946210132,0.0,-0.0554245441960315,-0.0231729215090923,-0.0032988572120505434,-0.05212568698398096,-0.03225162268693921,"HUM,VRSK,GILD,BIIB,CHTR,ADP,EA,PAYX,HPQ,JNJ"
2024-04-01,5,-0.0554245441960315,1.6288821946210132,0.0008144410973105066,-0.05623898529334201,-0.0231729215090923,-0.0032988572120505434,-0.05294012808129146,-0.033066063784249713,"HUM,VRSK,GILD,BIIB,CHTR,ADP,EA,PAYX,HPQ,JNJ"
2024-04-01,10,-0.0554245441960315,1.6288821946210132,0.0016288821946210132,-0.057053426390652515,-0.0231729215090923,-0.0032988572120505434,-0.05375456917860197,-0.03388050488156022,"HUM,VRSK,GILD,BIIB,CHTR,ADP,EA,PAYX,HPQ,JNJ"
2024-04-01,25,-0.0554245441960315,1.6288821946210132,0.004072205486552533,-0.05949674968258403,-0.0231729215090923,-0.0032988572120505434,-0.056197892470533486,-0.03632382817349174,"HUM,VRSK,GILD,BIIB,CHTR,ADP,EA,PAYX,HPQ,JNJ"
2024-04-01,50,-0.0554245441960315,1.6288821946210132,0.008144410973105067,-0.06356895516913658,-0.0231729215090923,-0.0032988572120505434,-0.06027009795708603,-0.04039603366004428,"HUM,VRSK,GILD,BIIB,CHTR,ADP,EA,PAYX,HPQ,JNJ"
2024-05-01,0,-0.00015730240713438017,1.4084271358982539,0.0,-0.00015730240713438017,0.0444888169383668,0.03070436841417044,-0.03086167082130482,-0.04464611934550118,"BIIB,NFLX,PANW,YUM,MRK,BDX,NOW,MNST,GILD,ADP"
2024-05-01,5,-0.00015730240713438017,1.4084271358982539,0.0007042135679491269,-0.0008615159750835071,0.0444888169383668,0.03070436841417044,-0.031565884389253944,-0.04535033291345031,"BIIB,NFLX,PANW,YUM,MRK,BDX,NOW,MNST,GILD,ADP"
2024-05-01,10,-0.00015730240713438017,1.4084271358982539,0.0014084271358982539,-0.0015657295430326341,0.0444888169383668,0.03070436841417044,-0.03227009795720307,-0.046054546481399436,"BIIB,NFLX,PANW,YUM,MRK,BDX,NOW,MNST,GILD,ADP"
2024-05-01,25,-0.00015730240713438017,1.4084271358982539,0.0035210678397456347,-0.003678370246880015,0.0444888169383668,0.03070436841417044,-0.03438273866105045,-0.04816718718524682,"BIIB,NFLX,PANW,YUM,MRK,BDX,NOW,MNST,GILD,ADP"
2024-05-01,50,-0.00015730240713438017,1.4084271358982539,0.007042135679491269,-0.007199438086625649,0.0444888169383668,0.03070436841417044,-0.03790380650079609,-0.05168825502499245,"BIIB,NFLX,PANW,YUM,MRK,BDX,NOW,MNST,GILD,ADP"
2024-06-03,0,0.0051393649904147454,1.4043349556882927,0.0,0.0051393649904147454,0.0435414543857879,0.02266183149687943,-0.017522466506464683,-0.03840208939537316,"EQIX,MCD,URI,BRK-B,KHC,C,GILD,PANW,PPG,YUM"
2024-06-03,5,0.0051393649904147454,1.4043349556882927,0.0007021674778441464,0.004437197512570599,0.0435414543857879,0.02266183149687943,-0.018224633984308833,-0.0391042568732173,"EQIX,MCD,URI,BRK-B,KHC,C,GILD,PANW,PPG,YUM"
2024-06-03,10,0.0051393649904147454,1.4043349556882927,0.0014043349556882927,0.003735030034726453,0.0435414543857879,0.02266183149687943,-0.018926801462152976,-0.03980642435106145,"EQIX,MCD,URI,BRK-B,KHC,C,GILD,PANW,PPG,YUM"
2024-06-03,25,0.0051393649904147454,1.4043349556882927,0.0035108373892207318,0.0016285276011940137,0.0435414543857879,0.02266183149687943,-0.021033303895685418,-0.041912926784593886,"EQIX,MCD,URI,BRK-B,KHC,C,GILD,PANW,PPG,YUM"
2024-06-03,50,0.0051393649904147454,1.4043349556882927,0.0070216747784414635,-0.001882309788026718,0.0435414543857879,0.02266183149687943,-0.02454414128490615,-0.04542376417381462,"EQIX,MCD,URI,BRK-B,KHC,C,GILD,PANW,PPG,YUM"
2024-07-01,0,0.055055043993274655,1.2261651704802472,0.0,0.055055043993274655,-0.0061246741780536,-0.011640874933592879,0.06669591892686753,0.06117971817132825,"MCD,NEM,O,JNJ,BRK-B,GEHC,PPG,ITW,CMG,EQIX"
2024-07-01,5,0.055055043993274655,1.2261651704802472,0.0006130825852401237,0.054441961408034534,-0.0061246741780536,-0.011640874933592879,0.06608283634162741,0.06056663558608813,"MCD,NEM,O,JNJ,BRK-B,GEHC,PPG,ITW,CMG,EQIX"
2024-07-01,10,0.055055043993274655,1.2261651704802472,0.0012261651704802473,0.053828878822794406,-0.0061246741780536,-0.011640874933592879,0.06546975375638728,0.05995355300084801,"MCD,NEM,O,JNJ,BRK-B,GEHC,PPG,ITW,CMG,EQIX"
2024-07-01,25,0.055055043993274655,1.2261651704802472,0.003065412926200618,0.051989631067074035,-0.0061246741780536,-0.011640874933592879,0.06363050600066691,0.05811430524512763,"MCD,NEM,O,JNJ,BRK-B,GEHC,PPG,ITW,CMG,EQIX"
2024-07-01,50,0.055055043993274655,1.2261651704802472,0.006130825852401236,0.048924218140873416,-0.0061246741780536,-0.011640874933592879,0.060565093074466295,0.05504889231892701,"MCD,NEM,O,JNJ,BRK-B,GEHC,PPG,ITW,CMG,EQIX"
2024-08-01,0,0.05683995466536287,1.6054977882603507,0.0,0.05683995466536287,0.0282498843805842,0.014232036929408965,0.042607917735953904,0.028590070284778668,"APH,NFLX,UBER,BRK-B,DOW,HPQ,PCAR,TJX,PPG,GLW"
2024-08-01,5,0.05683995466536287,1.6054977882603507,0.0008027488941301753,0.05603720577123269,0.0282498843805842,0.014232036929408965,0.041805168841823726,0.02778732139064849,"APH,NFLX,UBER,BRK-B,DOW,HPQ,PCAR,TJX,PPG,GLW"
2024-08-01,10,0.05683995466536287,1.6054977882603507,0.0016054977882603507,0.05523445687710252,0.0282498843805842,0.014232036929408965,0.041002419947693554,0.026984572496518318,"APH,NFLX,UBER,BRK-B,DOW,HPQ,PCAR,TJX,PPG,GLW"
2024-08-01,25,0.05683995466536287,1.6054977882603507,0.004013744470650877,0.05282621019471199,0.0282498843805842,0.014232036929408965,0.038594173265303025,0.02457632581412779,"APH,NFLX,UBER,BRK-B,DOW,HPQ,PCAR,TJX,PPG,GLW"
2024-08-01,50,0.05683995466536287,1.6054977882603507,0.008027488941301755,0.048812465724061116,0.0282498843805842,0.014232036929408965,0.03458042879465215,0.020562581343476917,"APH,NFLX,UBER,BRK-B,DOW,HPQ,PCAR,TJX,PPG,GLW"
2024-09-03,0,0.04241987913499307,1.4021073593667783,0.0,0.04241987913499307,0.0331185683024422,0.013160265285592146,0.02925961384940093,0.009301310832550876,"APH,CDNS,MMM,LRCX,GLW,NOW,CMG,BIIB,UBER,IR"
2024-09-03,5,0.04241987913499307,1.4021073593667783,0.0007010536796833892,0.04171882545530969,0.0331185683024422,0.013160265285592146,0.028558560169717542,0.00860025715286749,"APH,CDNS,MMM,LRCX,GLW,NOW,CMG,BIIB,UBER,IR"
2024-09-03,10,0.04241987913499307,1.4021073593667783,0.0014021073593667784,0.041017771775626294,0.0331185683024422,0.013160265285592146,0.02785750649003415,0.007899203473184097,"APH,CDNS,MMM,LRCX,GLW,NOW,CMG,BIIB,UBER,IR"
2024-09-03,25,0.04241987913499307,1.4021073593667783,0.003505268398416946,0.03891461073657613,0.0331185683024422,0.013160265285592146,0.025754345450983984,0.0057960424341339314,"APH,CDNS,MMM,LRCX,GLW,NOW,CMG,BIIB,UBER,IR"
2024-09-03,50,0.04241987913499307,1.4021073593667783,0.007010536796833892,0.03540934233815918,0.0331185683024422,0.013160265285592146,0.022249077052567033,0.0022907740357169804,"APH,CDNS,MMM,LRCX,GLW,NOW,CMG,BIIB,UBER,IR"
2024-10-01,0,0.03633352971206423,1.00614180064595,0.0,0.03633352971206423,0.0231262002743484,-0.009428256691247276,0.04576178640331151,0.01320732943771583,"CDNS,DLTR,SCHW,APH,MMM,BRK-B,NOW,HPQ,LRCX,NFLX"
2024-10-01,5,0.03633352971206423,1.00614180064595,0.000503070900322975,0.03583045881174125,0.0231262002743484,-0.009428256691247276,0.04525871550298853,0.012704258537392852,"CDNS,DLTR,SCHW,APH,MMM,BRK-B,NOW,HPQ,LRCX,NFLX"
2024-10-01,10,0.03633352971206423,1.00614180064595,0.00100614180064595,0.03532738791141828,0.0231262002743484,-0.009428256691247276,0.04475564460266556,0.012201187637069882,"CDNS,DLTR,SCHW,APH,MMM,BRK-B,NOW,HPQ,LRCX,NFLX"
2024-10-01,25,0.03633352971206423,1.00614180064595,0.002515354501614875,0.03381817521044936,0.0231262002743484,-0.009428256691247276,0.043246431901696636,0.010691974936100957,"CDNS,DLTR,SCHW,APH,MMM,BRK-B,NOW,HPQ,LRCX,NFLX"
2024-10-01,50,0.03633352971206423,1.00614180064595,0.00503070900322975,0.03130282070883448,0.0231262002743484,-0.009428256691247276,0.04073107740008176,0.008176620434486078,"CDNS,DLTR,SCHW,APH,MMM,BRK-B,NOW,HPQ,LRCX,NFLX"
2024-11-01,0,0.04745637103265926,1.8081890834749719,0.0,0.04745637103265926,0.0570713492147128,0.05946404545085106,-0.012007674418191797,-0.009614978182053535,"BRK-B,MRK,PPG,F,VLO,KHC,GM,COR,YUM,VRSK"
2024-11-01,5,0.04745637103265926,1.8081890834749719,0.000904094541737486,0.04655227649092177,0.0570713492147128,0.05946404545085106,-0.012911768959929286,-0.010519072723791024,"BRK-B,MRK,PPG,F,VLO,KHC,GM,COR,YUM,VRSK"
2024-11-01,10,0.04745637103265926,1.8081890834749719,0.001808189083474972,0.04564818194918429,0.0570713492147128,0.05946404545085106,-0.013815863501666768,-0.011423167265528507,"BRK-B,MRK,PPG,F,VLO,KHC,GM,COR,YUM,VRSK"
2024-11-01,25,0.04745637103265926,1.8081890834749719,0.00452047270868743,0.04293589832397183,0.0570713492147128,0.05946404545085106,-0.01652814712687923,-0.014135450890740968,"BRK-B,MRK,PPG,F,VLO,KHC,GM,COR,YUM,VRSK"
2024-11-01,50,0.04745637103265926,1.8081890834749719,0.00904094541737486,0.0384154256152844,0.0570713492147128,0.05946404545085106,-0.021048619835566655,-0.018655923599428394,"BRK-B,MRK,PPG,F,VLO,KHC,GM,COR,YUM,VRSK"
2024-12-02,0,-0.060327127867379385,2.0000000000000004,0.0,-0.060327127867379385,-0.0258062609139928,-0.04345659978968649,-0.016870528077692896,-0.03452086695338659,"FCX,MU,C,OXY,QCOM,HPQ,KDP,AIG,ELV,CMG"
2024-12-02,5,-0.060327127867379385,2.0000000000000004,0.0010000000000000002,-0.061327127867379386,-0.0258062609139928,-0.04345659978968649,-0.017870528077692897,-0.03552086695338659,"FCX,MU,C,OXY,QCOM,HPQ,KDP,AIG,ELV,CMG"
2024-12-02,10,-0.060327127867379385,2.0000000000000004,0.0020000000000000005,-0.06232712786737939,-0.0258062609139928,-0.04345659978968649,-0.018870528077692898,-0.03652086695338659,"FCX,MU,C,OXY,QCOM,HPQ,KDP,AIG,ELV,CMG"
2024-12-02,25,-0.060327127867379385,2.0000000000000004,0.005000000000000001,-0.06532712786737939,-0.0258062609139928,-0.04345659978968649,-0.0218705280776929,-0.039520866953386594,"FCX,MU,C,OXY,QCOM,HPQ,KDP,AIG,ELV,CMG"
2024-12-02,50,-0.060327127867379385,2.0000000000000004,0.010000000000000002,-0.07032712786737938,-0.0258062609139928,-0.04345659978968649,-0.02687052807769289,-0.044520866953386584,"FCX,MU,C,OXY,QCOM,HPQ,KDP,AIG,ELV,CMG"
2025-01-02,0,0.06000375355762701,2.0000000000000004,0.0,0.06000375355762701,0.0224582816355658,0.028017807343378897,0.03198594621424811,0.0375454719220612,"WMT,GLW,APH,JPM,KLAC,GM,REGN,BRK-B,MTD,NFLX"
2025-01-02,5,0.06000375355762701,2.0000000000000004,0.0010000000000000002,0.059003753557627006,0.0224582816355658,0.028017807343378897,0.03098594621424811,0.0365454719220612,"WMT,GLW,APH,JPM,KLAC,GM,REGN,BRK-B,MTD,NFLX"
2025-01-02,10,0.06000375355762701,2.0000000000000004,0.0020000000000000005,0.058003753557627005,0.0224582816355658,0.028017807343378897,0.02998594621424811,0.0355454719220612,"WMT,GLW,APH,JPM,KLAC,GM,REGN,BRK-B,MTD,NFLX"
2025-01-02,25,0.06000375355762701,2.0000000000000004,0.005000000000000001,0.055003753557627,0.0224582816355658,0.028017807343378897,0.026985946214248106,0.0325454719220612,"WMT,GLW,APH,JPM,KLAC,GM,REGN,BRK-B,MTD,NFLX"
2025-01-02,50,0.06000375355762701,2.0000000000000004,0.010000000000000002,0.050003753557627005,0.0224582816355658,0.028017807343378897,0.021985946214248108,0.027545471922061204,"WMT,GLW,APH,JPM,KLAC,GM,REGN,BRK-B,MTD,NFLX"
2025-02-03,0,-0.00557626997892582,1.8082865960308618,0.0,-0.00557626997892582,-0.0349800580497497,-0.07184484871789572,0.0662685787389699,0.029403788070823878,"HPQ,XOM,AMT,DOW,NXPI,PPG,GD,FCX,O,APH"
2025-02-03,5,-0.00557626997892582,1.8082865960308618,0.000904143298015431,-0.00648041327694125,-0.0349800580497497,-0.07184484871789572,0.06536443544095447,0.028499644772808447,"HPQ,XOM,AMT,DOW,NXPI,PPG,GD,FCX,O,APH"
2025-02-03,10,-0.00557626997892582,1.8082865960308618,0.001808286596030862,-0.007384556574956682,-0.0349800580497497,-0.07184484871789572,0.06446029214293904,0.02759550147479302,"HPQ,XOM,AMT,DOW,NXPI,PPG,GD,FCX,O,APH"
2025-02-03,25,-0.00557626997892582,1.8082865960308618,0.004520716490077154,-0.010096986469002974,-0.0349800580497497,-0.07184484871789572,0.06174786224889274,0.024883071580746725,"HPQ,XOM,AMT,DOW,NXPI,PPG,GD,FCX,O,APH"
2025-02-03,50,-0.00557626997892582,1.8082865960308618,0.009041432980154309,-0.014617702959080128,-0.0349800580497497,-0.07184484871789572,0.05722714575881559,0.02036235509066957,"HPQ,XOM,AMT,DOW,NXPI,PPG,GD,FCX,O,APH"
2025-03-03,0,-0.013442156139192512,1.4260083636918313,0.0,-0.013442156139192512,-0.0388804790162895,0.017916879814029122,-0.031359035953221634,0.025438322877096988,"REGN,FCX,LEN,HAL,NFLX,PPG,PANW,APH,SRE,IR"
2025-03-03,5,-0.013442156139192512,1.4260083636918313,0.0007130041818459157,-0.014155160321038428,-0.0388804790162895,0.017916879814029122,-0.03207204013506755,0.02472531869525107,"REGN,FCX,LEN,HAL,NFLX,PPG,PANW,APH,SRE,IR"
2025-03-03,10,-0.013442156139192512,1.4260083636918313,0.0014260083636918313,-0.014868164502884343,-0.0388804790162895,0.017916879814029122,-0.03278504431691347,0.02401231451340516,"REGN,FCX,LEN,HAL,NFLX,PPG,PANW,APH,SRE,IR"
2025-03-03,25,-0.013442156139192512,1.4260083636918313,0.0035650209092295783,-0.01700717704842209,-0.0388804790162895,0.017916879814029122,-0.03492405686245122,0.02187330196786741,"REGN,FCX,LEN,HAL,NFLX,PPG,PANW,APH,SRE,IR"
2025-03-03,50,-0.013442156139192512,1.4260083636918313,0.0071300418184591565,-0.020572197957651667,-0.0388804790162895,0.017916879814029122,-0.038489077771680785,0.018308281058637833,"REGN,FCX,LEN,HAL,NFLX,PPG,PANW,APH,SRE,IR"
2025-04-01,0,0.006916939324909921,1.2237376619648703,0.0,0.006916939324909921,-0.0114622713226519,-0.017543734042675348,0.02446067336758527,0.01837921064756182,"PANW,NFLX,LEN,BRK-B,GLW,DHR,DOW,IR,UBER,TXN"
2025-04-01,5,0.006916939324909921,1.2237376619648703,0.0006118688309824352,0.006305070493927485,-0.0114622713226519,-0.017543734042675348,0.023848804536602833,0.017767341816579386,"PANW,NFLX,LEN,BRK-B,GLW,DHR,DOW,IR,UBER,TXN"
2025-04-01,10,0.006916939324909921,1.2237376619648703,0.0012237376619648704,0.00569320166294505,-0.0114622713226519,-0.017543734042675348,0.023236935705620396,0.01715547298559695,"PANW,NFLX,LEN,BRK-B,GLW,DHR,DOW,IR,UBER,TXN"
2025-04-01,25,0.006916939324909921,1.2237376619648703,0.003059344154912176,0.0038575951699977447,-0.0114622713226519,-0.017543734042675348,0.02140132921267309,0.015319866492649645,"PANW,NFLX,LEN,BRK-B,GLW,DHR,DOW,IR,UBER,TXN"
2025-04-01,50,0.006916939324909921,1.2237376619648703,0.006118688309824352,0.0007982510150855689,-0.0114622713226519,-0.017543734042675348,0.018341985057760916,0.01226052233773747,"PANW,NFLX,LEN,BRK-B,GLW,DHR,DOW,IR,UBER,TXN"
2025-05-01,0,0.031977703138828084,2.0000000000000004,0.0,0.031977703138828084,0.055365626910969,0.079115107954525,-0.04713740481569692,-0.02338792377214092,"TJX,O,MCD,CTAS,ADP,XEL,BIIB,WELL,SO,GILD"
2025-05-01,5,0.031977703138828084,2.0000000000000004,0.0010000000000000002,0.030977703138828083,0.055365626910969,0.079115107954525,-0.04813740481569692,-0.02438792377214092,"TJX,O,MCD,CTAS,ADP,XEL,BIIB,WELL,SO,GILD"
2025-05-01,10,0.031977703138828084,2.0000000000000004,0.0020000000000000005,0.029977703138828082,0.055365626910969,0.079115107954525,-0.04913740481569692,-0.02538792377214092,"TJX,O,MCD,CTAS,ADP,XEL,BIIB,WELL,SO,GILD"
2025-05-01,25,0.031977703138828084,2.0000000000000004,0.005000000000000001,0.026977703138828083,0.055365626910969,0.079115107954525,-0.052137404815696925,-0.02838792377214092,"TJX,O,MCD,CTAS,ADP,XEL,BIIB,WELL,SO,GILD"
2025-05-01,50,0.031977703138828084,2.0000000000000004,0.010000000000000002,0.021977703138828082,0.055365626910969,0.079115107954525,-0.05713740481569692,-0.03338792377214092,"TJX,O,MCD,CTAS,ADP,XEL,BIIB,WELL,SO,GILD"
2025-06-02,0,0.01834014344675576,1.6060676253153987,0.0,0.01834014344675576,0.045158596629558,0.08051327963810001,-0.06217313619134425,-0.026818453182802238,"PANW,MCD,BRK-B,FDX,OKE,SBUX,KMB,CTAS,HAL,PCAR"
2025-06-02,5,0.01834014344675576,1.6060676253153987,0.0008030338126576994,0.01753710963409806,0.045158596629558,0.08051327963810001,-0.06297617000400195,-0.027621486995459937,"PANW,MCD,BRK-B,FDX,OKE,SBUX,KMB,CTAS,HAL,PCAR"
2025-06-02,10,0.01834014344675576,1.6060676253153987,0.0016060676253153987,0.01673407582144036,0.045158596629558,0.08051327963810001,-0.06377920381665965,-0.028424520808117637,"PANW,MCD,BRK-B,FDX,OKE,SBUX,KMB,CTAS,HAL,PCAR"
2025-06-02,25,0.01834014344675576,1.6060676253153987,0.004015169063288497,0.014324974383467264,0.045158596629558,0.08051327963810001,-0.06618830525463275,-0.030833622246090736,"PANW,MCD,BRK-B,FDX,OKE,SBUX,KMB,CTAS,HAL,PCAR"
2025-06-02,50,0.01834014344675576,1.6060676253153987,0.008030338126576993,0.010309805320178767,0.045158596629558,0.08051327963810001,-0.07020347431792125,-0.034848791309379235,"PANW,MCD,BRK-B,FDX,OKE,SBUX,KMB,CTAS,HAL,PCAR"
2025-07-01,0,0.04027385244473023,1.2386075084083934,0.0,0.04027385244473023,0.0272160599946225,0.02693045950923497,0.01334339293549526,0.013057792450107731,"REGN,PANW,MCD,ADP,EXC,APH,KMB,GLW,CDNS,BRK-B"
2025-07-01,5,0.04027385244473023,1.2386075084083934,0.0006193037542041967,0.03965454869052604,0.0272160599946225,0.02693045950923497,0.012724089181291066,0.012438488695903537,"REGN,PANW,MCD,ADP,EXC,APH,KMB,GLW,CDNS,BRK-B"
2025-07-01,10,0.04027385244473023,1.2386075084083934,0.0012386075084083934,0.039035244936321836,0.0272160599946225,0.02693045950923497,0.012104785427086866,0.011819184941699337,"REGN,PANW,MCD,ADP,EXC,APH,KMB,GLW,CDNS,BRK-B"
2025-07-01,25,0.04027385244473023,1.2386075084083934,0.0030965187710209835,0.03717733367370925,0.0272160599946225,0.02693045950923497,0.010246874164474278,0.009961273679086748,"REGN,PANW,MCD,ADP,EXC,APH,KMB,GLW,CDNS,BRK-B"
2025-07-01,50,0.04027385244473023,1.2386075084083934,0.006193037542041967,0.034080814902688265,0.0272160599946225,0.02693045950923497,0.007150355393453295,0.006864754908065766,"REGN,PANW,MCD,ADP,EXC,APH,KMB,GLW,CDNS,BRK-B"
2025-08-01,0,0.032675250614315185,1.6219009492024365,0.0,0.032675250614315185,0.0375249615996733,0.051187424869839834,-0.01851217425552465,-0.004849710985358115,"NFLX,PANW,KHC,APH,OKE,HPQ,CMG,ODFL,CTAS,LLY"
2025-08-01,5,0.032675250614315185,1.6219009492024365,0.0008109504746012183,0.03186430013971397,0.0375249615996733,0.051187424869839834,-0.019323124730125867,-0.005660661459959332,"NFLX,PANW,KHC,APH,OKE,HPQ,CMG,ODFL,CTAS,LLY"
2025-08-01,10,0.032675250614315185,1.6219009492024365,0.0016219009492024366,0.031053349665112747,0.0375249615996733,0.051187424869839834,-0.020134075204727087,-0.006471611934560553,"NFLX,PANW,KHC,APH,OKE,HPQ,CMG,ODFL,CTAS,LLY"
2025-08-01,25,0.032675250614315185,1.6219009492024365,0.004054752373006091,0.028620498241309092,0.0375249615996733,0.051187424869839834,-0.022566926628530742,-0.008904463358364208,"NFLX,PANW,KHC,APH,OKE,HPQ,CMG,ODFL,CTAS,LLY"
2025-08-01,50,0.032675250614315185,1.6219009492024365,0.008109504746012183,0.024565745868303002,0.0375249615996733,0.051187424869839834,-0.026621679001536832,-0.012959215731370297,"NFLX,PANW,KHC,APH,OKE,HPQ,CMG,ODFL,CTAS,LLY"
2025-09-02,0,0.012912359339287383,1.224042264168927,0.0,0.012912359339287383,0.043351888081053,0.01850332893297828,-0.005590969593690898,-0.03043952874176562,"YUM,PAYX,CDNS,ADP,APH,PANW,CTAS,CMG,SBUX,IR"
2025-09-02,5,0.012912359339287383,1.224042264168927,0.0006120211320844635,0.012300338207202919,0.043351888081053,0.01850332893297828,-0.006202990725775362,-0.031051549873850084,"YUM,PAYX,CDNS,ADP,APH,PANW,CTAS,CMG,SBUX,IR"
2025-09-02,10,0.012912359339287383,1.224042264168927,0.001224042264168927,0.011688317075118457,0.043351888081053,0.01850332893297828,-0.006815011857859824,-0.031663571005934546,"YUM,PAYX,CDNS,ADP,APH,PANW,CTAS,CMG,SBUX,IR"
2025-09-02,25,0.012912359339287383,1.224042264168927,0.0030601056604223176,0.009852253678865065,0.043351888081053,0.01850332893297828,-0.008651075254113216,-0.033499634402187936,"YUM,PAYX,CDNS,ADP,APH,PANW,CTAS,CMG,SBUX,IR"
2025-09-02,50,0.012912359339287383,1.224042264168927,0.006120211320844635,0.006792148018442748,0.043351888081053,0.01850332893297828,-0.011711180914535532,-0.03655974006261026,"YUM,PAYX,CDNS,ADP,APH,PANW,CTAS,CMG,SBUX,IR"
2025-10-01,0,0.014261262117850542,1.4285984699231038,0.0,0.014261262117850542,0.0283342055750734,0.06372335873239324,-0.04946209661454269,-0.014072943457222858,"CMG,SBUX,KMB,BRK-B,PRU,MCD,EQIX,PANW,NOW,UPS"
2025-10-01,5,0.014261262117850542,1.4285984699231038,0.0007142992349615519,0.01354696288288899,0.0283342055750734,0.06372335873239324,-0.05017639584950424,-0.01478724269218441,"CMG,SBUX,KMB,BRK-B,PRU,MCD,EQIX,PANW,NOW,UPS"
2025-10-01,10,0.014261262117850542,1.4285984699231038,0.0014285984699231038,0.012832663647927438,0.0283342055750734,0.06372335873239324,-0.050890695084465795,-0.015501541927145961,"CMG,SBUX,KMB,BRK-B,PRU,MCD,EQIX,PANW,NOW,UPS"
2025-10-01,25,0.014261262117850542,1.4285984699231038,0.0035714961748077594,0.010689765943042783,0.0283342055750734,0.06372335873239324,-0.05303359278935045,-0.017644439632030617,"CMG,SBUX,KMB,BRK-B,PRU,MCD,EQIX,PANW,NOW,UPS"
2025-10-01,50,0.014261262117850542,1.4285984699231038,0.007142992349615519,0.007118269768235023,0.0283342055750734,0.06372335873239324,-0.056605088964158216,-0.021215935806838376,"CMG,SBUX,KMB,BRK-B,PRU,MCD,EQIX,PANW,NOW,UPS"
2025-11-03,0,0.03732960280581421,1.4180133383466051,0.0,0.03732960280581421,-0.0026487545300103,0.014696154048223211,0.022633448757590997,0.03997835733582451,"SBUX,NFLX,KDP,BRK-B,NOW,CTAS,YUM,DLTR,GEHC,CTVA"
2025-11-03,5,0.03732960280581421,1.4180133383466051,0.0007090066691733026,0.036620596136640905,-0.0026487545300103,0.014696154048223211,0.021924442088417692,0.03926935066665121,"SBUX,NFLX,KDP,BRK-B,NOW,CTAS,YUM,DLTR,GEHC,CTVA"
2025-11-03,10,0.03732960280581421,1.4180133383466051,0.0014180133383466052,0.03591158946746761,-0.0026487545300103,0.014696154048223211,0.021215435419244394,0.03856034399747791,"SBUX,NFLX,KDP,BRK-B,NOW,CTAS,YUM,DLTR,GEHC,CTVA"
2025-11-03,25,0.03732960280581421,1.4180133383466051,0.003545033345866513,0.0337845694599477,-0.0026487545300103,0.014696154048223211,0.019088415411724485,0.036433323989958,"SBUX,NFLX,KDP,BRK-B,NOW,CTAS,YUM,DLTR,GEHC,CTVA"
2025-11-03,50,0.03732960280581421,1.4180133383466051,0.007090066691733026,0.030239536114081186,-0.0026487545300103,0.014696154048223211,0.015543382065857975,0.03288829064409149,"SBUX,NFLX,KDP,BRK-B,NOW,CTAS,YUM,DLTR,GEHC,CTVA"
2025-12-01,0,0.009789605889601588,1.8083522266771679,0.0,0.009789605889601588,0.0128919743617961,0.026054278022848504,-0.016264672133246914,-0.003102368472194512,"CHTR,NFLX,AMT,ODFL,KHC,OXY,GPN,VRSK,ROP,EA"
2025-12-01,5,0.009789605889601588,1.8083522266771679,0.000904176113338584,0.008885429776263004,0.0128919743617961,0.026054278022848504,-0.017168848246585502,-0.004006544585533097,"CHTR,NFLX,AMT,ODFL,KHC,OXY,GPN,VRSK,ROP,EA"
2025-12-01,10,0.009789605889601588,1.8083522266771679,0.001808352226677168,0.007981253662924421,0.0128919743617961,0.026054278022848504,-0.018073024359924084,-0.00491072069887168,"CHTR,NFLX,AMT,ODFL,KHC,OXY,GPN,VRSK,ROP,EA"
2025-12-01,25,0.009789605889601588,1.8083522266771679,0.00452088056669292,0.005268725322908669,0.0128919743617961,0.026054278022848504,-0.020785552699939834,-0.007623249038887432,"CHTR,NFLX,AMT,ODFL,KHC,OXY,GPN,VRSK,ROP,EA"
2025-12-01,50,0.009789605889601588,1.8083522266771679,0.00904176113338584,0.000747844756215749,0.0128919743617961,0.026054278022848504,-0.025306433266632754,-0.012144129605580352,"CHTR,NFLX,AMT,ODFL,KHC,OXY,GPN,VRSK,ROP,EA"
