date,top,bottom,rnd,spy,ic
2021-01-04,0.029194709350565663,0.026444117725997647,0.02879775014503012,0.03459958147998621,0.04430105095023712
2021-02-01,0.0352978025987967,0.15006427149475104,0.05162500307024255,0.027403449288907034,-0.1834929430140433
2021-03-01,0.023277600608801973,0.007073761827006214,0.04149194956713504,0.019241951264453938,0.1744294690121633
2021-04-01,0.028577031082558702,0.017868405220912216,0.03404694740206854,0.04166146730389819,0.02544331441575789
2021-05-03,0.057322451235119073,0.001237785689516907,0.013498045436726733,0.003515064478357921,0.12455633220487522
2021-06-01,-0.010624502690640436,-0.006653717680266713,0.0038475822760373024,0.022468242997173205,-0.04596193397459909
2021-07-01,-0.011934694943542268,0.024949094661611482,0.013104386767819009,0.018771972649954227,-0.1354997844385862
2021-08-02,0.0041687174779706185,0.026266072561333554,0.023202156003042037,0.03345599762334617,-0.07776183644189383
2021-09-01,0.05049619444335941,-0.058555903997571046,-0.036178540833865104,-0.04711192433960831,0.2624520287509453
2021-10-01,0.12920686946426468,0.041542527325394304,0.054842571946077855,0.057594902763331346,0.13065000600744925
2021-11-01,-0.045391414221432426,0.001276148795320553,-0.0185412477796817,-0.009738303000511372,-0.09161148058887139
2021-12-01,0.07527460266531404,0.08793032578945209,0.07659183522603503,0.06067225374376606,-0.019741184951693042
2022-01-03,-0.010692304370964,-0.0664354957490364,-0.028616149741576034,-0.05183056774676187,0.12160349421517977
2022-02-01,-0.03402764647937917,-0.04136945014471286,-0.018220649878148344,-0.03324870221329723,0.12063382123244587
2022-03-01,0.0866145092364315,0.06264618096335049,0.0732377070146966,0.076756702020782,0.06914503395975717
2022-04-01,-0.11200789873431882,-0.07133355177419728,-0.06298630565593533,-0.08487149861186305,0.02812475705168527
2022-05-02,0.036639115189893635,0.001802207403719175,0.013048129028148904,-0.0037396737179195005,0.01919698072668933
2022-06-01,-0.07779704902270611,-0.0664614207671098,-0.07424424863701937,-0.07497839098413539,0.053678325829911444
2022-07-01,0.17142040026936015,-0.008508506740987654,0.0710326177080857,0.07745777141584753,0.5838477358983963
2022-08-01,0.017360431402605313,-0.014460332054921999,-0.007578392803167361,-0.019816418429204008,0.05976351852768021
2022-09-01,-0.07026648056087495,-0.11567715327489947,-0.08829660501187121,-0.09528473758815603,0.052414641213928796
2022-10-03,0.05044050358374765,0.06003430961855166,0.0754452672866823,0.053462809346793705,-0.02005074527708476
2022-11-01,0.08886848071542194,0.038452379024241576,0.07007300391937625,0.060230938838836234,0.16232834597253534
2022-12-01,-0.04829957874333478,-0.04048731438545185,-0.04471242719600303,-0.05693429735745792,-0.16976910192167702
2023-01-03,0.16826193073445092,0.0935113748355689,0.07167833582808157,0.07872480230227374,0.3200274222388703
2023-02-01,-0.0377069148322894,-0.011598272869799631,-0.029724245042554113,-0.0316212033013924,-0.04694008806213822
2023-03-01,0.038225459057048626,0.019314864758241783,0.0008772809059952789,0.020625642921485277,-0.0057289862959481515
2023-04-03,-0.005917928921293869,0.004028175429853858,-0.00424923660440954,-0.0002676967935832941,-0.0241980055268533
2023-05-01,0.0259332811172563,0.006984979236824907,-0.015160743860422194,0.011239151615144216,0.10627107024475055
2023-06-01,0.07568725643105796,0.06531229672827406,0.0619662394232259,0.05477834116709679,0.20466884819529158
2023-07-03,0.000534058508075963,0.05433608928654583,0.03167993482879149,0.028594604912354882,-0.1948731721452248
2023-08-01,-0.05374158561356272,-0.03193306060338697,-0.015651074755377033,-0.016035773395641106,-0.06240962322691903
2023-09-01,-0.05741218599636673,-0.04333583076461348,-0.04690021641940965,-0.049586032264346325,0.003752888876324289
2023-10-02,-0.046590731224776236,-0.04710348695670223,-0.019463552716364567,-0.02742739463153221,0.06444932893258228
2023-11-01,0.07626536804966286,0.07603214575619222,0.08059710037014943,0.07982773387592879,0.051956661554445165
2023-12-01,0.07435311940425164,0.012899627965878424,0.04135415412714604,0.033688307863693145,0.04303736633425447
2024-01-02,0.05963805659234981,-0.008704994690638701,0.012927698045054139,0.021643944179497332,0.18718084439553703
2024-02-01,-0.0033896088284725567,0.034388767161655426,0.03658987294669167,0.04834417317366779,0.05025978186680781
2024-03-01,0.05574238359372894,0.023173188882409802,0.03235056803292463,0.021316851983411045,0.18357593570224678
2024-04-01,-0.046907198573083855,-0.0032988572120505434,-0.021237826502959713,-0.023172921509092337,0.014657826189912383
2024-05-01,-0.0015377116001969115,0.034394381624380126,0.023704168640678955,0.044488816938366815,-0.14044378821857892
2024-06-03,0.009078397260749004,0.02266183149687944,0.019195752668728867,0.04354145438578794,-0.020842445431878645
2024-07-01,0.06305154086040433,-0.0022817647025824674,0.033209037677554204,-0.006124674178053624,0.13062640163808834
2024-08-01,0.05953079841947706,0.015594717212187808,0.028535651929337706,0.02824988438058429,0.12978228468749564
2024-09-03,0.05538917419914684,0.022616234855216622,0.024003975468582035,0.0331185683024422,0.06927609310359237
2024-10-01,0.04489191464383897,-0.0037321679661901364,0.0036103318765065605,0.02312620027434842,0.17661127439372623
2024-11-01,0.047456371032659296,0.04689758089827585,0.05242239350675155,0.0570713492147128,0.08971876697636194
2024-12-02,-0.06032712786737941,-0.04808961949644443,-0.05893621065066624,-0.02580626091399285,0.03590840077447033
2025-01-02,0.06837290007013812,0.030109099465896898,0.04022984885760104,0.022458281635565847,-0.018786477413603377
2025-02-03,0.010312458214296438,-0.060485038451652984,-0.01269260905943527,-0.034980058049749796,0.16936384783607972
2025-03-03,-0.01158939110318099,0.011748056599544515,-0.020059409529388568,-0.03888047901628955,-0.2022036188380159
2025-04-01,0.018148477390479513,-0.0030076342321376515,-0.019803980831731367,-0.011462271322651985,-0.05800866403866779
2025-05-01,0.03730805875525377,0.1006323468992029,0.04400513221709528,0.055365626910969024,-0.12988675460712343
2025-06-02,0.013148068949326176,0.0738659007285138,0.043088952378115025,0.04515859662955801,-0.06457076792355587
2025-07-01,0.0419909273617066,0.039442646917186144,0.002801758823170865,0.02721605999462251,-0.04559345879009903
2025-08-01,0.04495411592506846,0.046887063424319586,0.04142508187509707,0.037524961599673334,-0.023326043654497083
2025-09-02,0.0237688031307708,0.03144416739605714,0.019989290509621185,0.04335188808105306,-0.06615731776963686
2025-10-01,-0.0058168333038916996,0.06180183255209624,0.0011695477503503157,0.02833420557507349,-0.24494713822066833
2025-11-03,0.035613514068950726,0.010362264108529556,0.019089071466364217,-0.0026487545300103443,0.012835870791603404
2025-12-01,0.006765886500141172,0.03381926372637944,0.017965552490132673,0.012891974361796121,-0.033653243442771374
