date,hmm_regime,hmm_cov_source,static_cov_nobs,hmm_same_regime_nobs,spy_return,bottom20_return,EqualWeight_Top10,Static_MinVar_Top10,Static_ScoreMV_Top10,HMM_MinVar_Top10,HMM_ScoreMV_Top10
2021-01-04,1,hmm_same_regime_cov,756,253,0.0345995814799862,0.03400469720809415,0.04425865438161135,0.03845386875333032,0.023877529134781524,0.027860874918766272,0.02569794178981029
2021-02-01,1,hmm_same_regime_cov,523,160,0.027403449288907,0.14661202637796242,0.041071431066914875,-0.0012714724704582063,0.007710998314006973,-0.00516732083827157,-0.0076458854631238915
2021-03-01,1,hmm_same_regime_cov,694,259,0.0192419512644539,0.007892398635824579,0.052762284029477,0.10650961423863148,0.05322880712224381,0.11569983320532916,0.053232156989890075
2021-04-01,0,hmm_same_regime_cov,756,183,0.0416614673038981,0.02346268782250484,0.042853262699506574,0.048517029582382076,0.06394560329475574,0.052137812453579103,0.06369029093365612
2021-05-03,0,hmm_same_regime_cov,533,146,0.0035150644783579,0.006089687151049292,0.0782792108549948,0.04409393393242073,0.061433930510661844,0.0354399691814754,0.07669456007659865
2021-06-01,2,hmm_same_regime_cov,507,166,0.0224682429971732,-0.0018284238854756594,-0.02685071986736708,-0.011421460922683672,-0.04093776851343757,-0.012263078835307382,-0.029010099371249442
2021-07-01,0,hmm_same_regime_cov,628,172,0.0187719726499542,0.027653472975089976,-0.004189748946828661,0.0100259482282087,0.01729509631551558,0.013918516038295293,0.0004251296341994862
2021-08-02,0,hmm_same_regime_cov,756,200,0.0334559976233461,0.03082337807157749,0.0041687174779706125,0.0115852225683507,-0.02482543751249745,0.03527700661736812,-0.018375112386994144
2021-09-01,1,hmm_same_regime_cov,582,145,-0.0471119243396083,-0.058466336334506,0.02481943151454801,0.021324724724836836,0.06349879997688972,0.01166020767881302,0.05707636745746036
2021-10-01,2,hmm_same_regime_cov,756,212,0.0575949027633313,0.04814664851682542,0.1361116628493558,0.11179587142091285,0.16959154220464864,0.11084560128670887,0.1562669920163747
2021-11-01,1,hmm_same_regime_cov,756,232,-0.0097383030005113,0.0073201932980121705,-0.05242053332476176,-0.03451347356554374,-0.05776829580099568,-0.03174135471858357,-0.05818066953654641
2021-12-01,0,hmm_same_regime_cov,756,221,0.060672253743766,0.08247639321493876,0.08233412283760472,0.0922796607811629,0.08212473111288819,0.09114821205435572,0.0764061267426646
2022-01-03,2,hmm_same_regime_cov,756,237,-0.0518305677467618,-0.06289418202936718,-0.009495836097098122,-0.05157069271001854,-0.04249191228359133,-0.03824021844205825,-0.03492073556592899
2022-02-01,1,hmm_same_regime_cov,756,218,-0.0332487022132972,-0.040540381302452154,-0.04745775897346553,-0.03873770864258841,-0.0177809885198655,-0.039068579315590816,-0.017780988519865495
2022-03-01,3,hmm_same_regime_cov,756,86,0.076756702020782,0.06264618096335049,0.09732463768617527,0.06001458098690323,0.09095278650600576,0.05770334349992912,0.058433725257087704
2022-04-01,2,hmm_same_regime_cov,756,238,-0.084871498611863,-0.07394917948644228,-0.08223785758798484,-0.05782017031155169,-0.05333276780149415,-0.05865570479316916,-0.05855912059807949
2022-05-02,0,hmm_same_regime_cov,756,247,-0.0037396737179195,-0.008959513074796217,0.02383606424054784,0.038362637393516745,0.022958524815881502,0.03827580483827966,0.01352020202621749
2022-06-01,3,hmm_same_regime_cov,756,85,-0.0749783909841353,-0.07800989635214112,-0.06748461467184183,-0.04971489164532126,-0.0520600351810744,-0.05614455625712098,-0.06122877113052404
2022-07-01,2,hmm_same_regime_cov,756,259,0.0774577714158475,0.0054805919857738895,0.1695394756910897,0.16667734493944755,0.1873297465470261,0.16749724034648786,0.1738910668093074
2022-08-01,3,hmm_same_regime_cov,756,106,-0.019816418429204,0.015019222530503928,0.01432427278859356,0.0011291965363609705,-0.0042392933370205095,0.020239726245396147,0.010995882035341242
2022-09-01,2,hmm_same_regime_cov,756,243,-0.095284737588156,-0.1161942094234,-0.06945252576791947,-0.042927677702390185,-0.05199059292200085,-0.05847597360114001,-0.05057920261183711
2022-10-03,2,hmm_same_regime_cov,756,264,0.0534628093467937,0.04205489965510553,0.05241494317114065,0.05022499272790738,0.06278171658816133,0.04618616138418791,0.0647266971260935
2022-11-01,2,hmm_same_regime_cov,756,285,0.0602309388388362,0.028981003822048778,0.08666437228191098,0.07585014706215332,0.08570341957852219,0.07189843958923953,0.08760708804041946
2022-12-01,3,hmm_same_regime_cov,756,89,-0.0569342973574579,-0.0404873143854518,-0.04829957874333476,-0.024576345281132894,-0.047290689865244796,-0.027758196938613467,-0.03702531183405865
2023-01-03,2,hmm_same_regime_cov,756,307,0.0787248023022737,0.09035687253150076,0.14225742973807387,0.10198943583031962,0.10952343670216169,0.10277292390474851,0.1000609911105253
2023-02-01,1,hmm_same_regime_cov,756,172,-0.0316212033013924,-0.017079400773289576,-0.04576360099403008,-0.027074094619297655,-0.01975659867977196,-0.03227717553565555,-0.029684919846520236
2023-03-01,1,hmm_same_regime_cov,756,187,0.0206256429214852,0.02078290136161621,0.00405872473031302,0.02250962210008415,0.038713056085906174,0.03480121901720324,0.04588848608911355
2023-04-03,3,hmm_same_regime_cov,756,105,-0.0002676967935832,0.0033872112770022694,-0.00591792892129388,0.014206426115081983,0.0005324491500948915,0.012267811522827344,-0.010175775298128338
2023-05-01,3,hmm_same_regime_cov,756,124,0.0112391516151442,-0.012708793296309326,0.007406072120258037,-0.013082065223483017,0.04739126920218228,-0.03449169962723504,0.049239838369310895
2023-06-01,0,hmm_same_regime_cov,756,145,0.0547783411670967,0.06531229672827404,0.08292610905363401,0.05625207099480301,0.08548658760503433,0.058419633023654355,0.08666391726366732
2023-07-03,1,hmm_same_regime_cov,756,183,0.0285946049123548,0.05605946268382259,0.0005138314376775085,0.000810367025992499,0.005683458603638369,0.003923171533915239,0.005683458603638376
2023-08-01,0,hmm_same_regime_cov,756,165,-0.0160357733956411,-0.033079257371049026,-0.05652935649396867,-0.04489979070691608,-0.05368608474696006,-0.04517766576818714,-0.05270958670912518
2023-09-01,0,hmm_same_regime_cov,756,188,-0.0495860322643463,-0.046015872366285064,-0.06095164779846396,-0.054964818913180766,-0.07920430427444454,-0.05429107059081327,-0.07883998296925801
2023-10-02,3,hmm_same_regime_cov,756,151,-0.0274273946315322,-0.04344546544942174,-0.04659073122477621,-0.051924338436066274,-0.06217049643210362,-0.05785484615161402,-0.06247821346048837
2023-11-01,1,hmm_same_regime_cov,756,167,0.0798277338759287,0.07690173640388066,0.08937798039632229,0.07027191121048511,0.06317855161582621,0.08065274568225193,0.0709013770715924
2023-12-01,2,hmm_same_regime_cov,756,226,0.0336883078636931,0.012899627965878412,0.06143776888160348,0.04615768100154151,0.06255510586036321,0.03792974977998679,0.04901199486379978
2024-01-02,0,hmm_same_regime_cov,756,209,0.0216439441794973,-0.015939537882818256,0.0660720031271144,0.02906180725810002,0.06719751009982516,0.030701333213710658,0.07110970721348757
2024-02-01,0,hmm_same_regime_cov,756,230,0.0483441731736677,0.031877374503595776,-0.0017487740564033703,0.002809988386072419,0.0023935352615955855,-0.0007293601634256681,0.002753226965312858
2024-03-01,0,hmm_same_regime_cov,756,250,0.021316851983411,0.03035767073630219,0.059384262027702646,0.0351716977956528,0.09021068577987634,0.04151225985826454,0.09422257181460371
2024-04-01,0,hmm_same_regime_cov,756,270,-0.0231729215090923,-0.0032988572120505434,-0.0554245441960315,-0.0670958079215376,-0.08076572824420365,-0.05907361513955666,-0.07445166361862829
2024-05-01,0,hmm_same_regime_cov,756,273,0.0444888169383668,0.03070436841417044,-0.000157302407134379,-0.01926706010539816,0.01628370057691425,-0.014965706510267037,0.016626004870676364
2024-06-03,0,hmm_same_regime_cov,756,284,0.0435414543857879,0.02266183149687943,0.005139364990414742,-0.019091218498452075,-0.021765413399295327,-0.013063015094750425,-0.020071488063905428
2024-07-01,1,hmm_same_regime_cov,384,89,-0.0061246741780536,-0.011640874933592879,0.05505504399327466,0.06384447034333852,0.10513996234308758,0.0755838922660685,0.10513996234308763
2024-08-01,2,hmm_same_regime_cov,756,170,0.0282498843805842,0.014232036929408965,0.056839954665362874,0.04350744131313873,0.08216756266519201,0.045490184415057706,0.07596030830376366
2024-09-03,1,hmm_same_regime_cov,756,169,0.0331185683024422,0.013160265285592146,0.042419879134993066,0.04368103307020399,0.050098021750315296,0.032319184402228605,0.04693102741430617
2024-10-01,0,hmm_same_regime_cov,756,249,0.0231262002743484,-0.009428256691247276,0.03633352971206423,0.016829586598652094,0.049873748612654784,0.023536290358488792,0.05086471753765715
2024-11-01,0,hmm_same_regime_cov,756,247,0.0570713492147128,0.05946404545085106,0.04745637103265926,0.03280831556557824,0.014551291473788456,0.03648970475809355,0.018328807526200634
2024-12-02,3,hmm_same_regime_cov,756,153,-0.0258062609139928,-0.04345659978968649,-0.060327127867379385,-0.043590662427052576,-0.07142429860770104,-0.04928130655478522,-0.07495465673793178
2025-01-02,0,hmm_same_regime_cov,756,248,0.0224582816355658,0.028017807343378897,0.06000375355762701,0.047407638658920226,0.08303899736014742,0.0439781211252129,0.08458871675082733
2025-02-03,0,hmm_same_regime_cov,756,259,-0.0349800580497497,-0.07184484871789572,-0.00557626997892582,0.0033889539558816027,0.004201890945979411,-0.002971278082417205,0.004106269236404582
2025-03-03,3,hmm_same_regime_cov,756,158,-0.0388804790162895,0.017916879814029122,-0.013442156139192514,-0.019263471988180774,-0.010696965772637394,-0.016719884077515058,-0.011056994047267189
2025-04-01,1,hmm_same_regime_cov,756,177,-0.0114622713226519,-0.017543734042675348,0.006916939324909914,-0.03142454096682641,0.06421309694514185,-0.012290162107780904,0.06919706845672836
2025-05-01,2,hmm_same_regime_cov,756,158,0.055365626910969,0.079115107954525,0.03197770313882809,0.015129043509064513,0.019005546797024587,0.008001646137535236,0.01913097680427666
2025-06-02,0,hmm_same_regime_cov,756,255,0.045158596629558,0.08051327963810001,0.01834014344675576,-0.024616236153650436,-0.002048950887384326,-0.016525817913748436,-3.322169181173701e-06
2025-07-01,1,hmm_same_regime_cov,756,187,0.0272160599946225,0.02693045950923497,0.04027385244473023,0.007269393352784332,-0.0006419764272386079,0.007909668908159665,-0.0006428504582476363
2025-08-01,0,hmm_same_regime_cov,756,273,0.0375249615996733,0.051187424869839834,0.03267525061431519,0.00482892663155886,0.0464922461127991,0.011327762418115254,0.03924347951738892
2025-09-02,1,hmm_same_regime_cov,756,195,0.043351888081053,0.01850332893297828,0.012912359339287381,0.006292202590155217,8.633787971293673e-06,0.01345661822861375,-0.0014008962413952428
2025-10-01,0,hmm_same_regime_cov,756,289,0.0283342055750734,0.06372335873239324,0.014261262117850542,-0.011910328584868181,-0.02008084281694717,-0.012510928922646311,-0.02008084281694719
2025-11-03,2,hmm_same_regime_cov,721,108,-0.0026487545300103,0.014696154048223211,0.03732960280581422,0.049378132020909585,0.0437553866905343,0.05728315246520356,0.04305527583347283
2025-12-01,2,hmm_same_regime_cov,756,129,0.0128919743617961,0.026054278022848504,0.00978960588960159,-0.012341078295421068,-0.016084550497025684,-0.006367086308314233,-0.014778144292815468
